runtime, var  , query , n_s , n_st , timerange
0.424957275390625 , 0.7344714542361686 , q1 , 1 , 2 , minute
0.7743120193481445 , 0.5463413522368442 , q1 , 1 , 2 , hour
8.566045761108398 , 2.3877225080520086 , q1 , 1 , 2 , day
60.00571250915527 , 14.283806587583843 , q1 , 1 , 2 , week
254.20241355895996 , 42.88098106321868 , q1 , 1 , 2 , month
0.4303455352783203 , 0.6578920484160146 , q1 , 1 , 4 , minute
0.9647607803344727 , 0.02744271609459007 , q1 , 1 , 4 , hour
16.784954071044922 , 5.8009866278829945 , q1 , 1 , 4 , day
119.78297233581543 , 23.87004207966501 , q1 , 1 , 4 , week
494.48018074035645 , 62.53776775084067 , q1 , 1 , 4 , month
0.5382776260375977 , 0.8293660009404193 , q1 , 1 , 6 , minute
1.3323068618774414 , 0.12909027131740605 , q1 , 1 , 6 , hour
24.5175838470459 , 6.350427243051148 , q1 , 1 , 6 , day
173.47688674926758 , 21.79017549866588 , q1 , 1 , 6 , week
731.6422939300537 , 79.71428644680365 , q1 , 1 , 6 , month
0.84686279296875 , 1.4363570428979924 , q1 , 1 , 8 , minute
1.8756866455078125 , 0.29240253907809904 , q1 , 1 , 8 , hour
33.03394317626953 , 8.762525562430348 , q1 , 1 , 8 , day
238.5749340057373 , 46.85105332912788 , q1 , 1 , 8 , week
980.0746440887451 , 129.03712215129724 , q1 , 1 , 8 , month
0.7442951202392578 , 1.0567352210078238 , q1 , 1 , 10 , minute
1.9338369369506836 , 0.07965222225141418 , q1 , 1 , 10 , hour
40.5820369720459 , 6.931321397527201 , q1 , 1 , 10 , day
287.3238801956177 , 31.842890975992358 , q1 , 1 , 10 , week
1212.5788688659668 , 151.14414605032442 , q1 , 1 , 10 , month
1.3362646102905273 , 2.664566085194096 , q1 , 20 , 2 , minute
1.7908096313476562 , 0.24141669828500686 , q1 , 20 , 2 , hour
37.77191638946533 , 17.817717997865056 , q1 , 20 , 2 , day
258.02619457244873 , 114.13700580080331 , q1 , 20 , 2 , week
1080.4012298583984 , 409.7897261623289 , q1 , 20 , 2 , month
2.2281408309936523 , 4.966946285675147 , q1 , 20 , 4 , minute
3.257608413696289 , 0.6933057614379109 , q1 , 20 , 4 , hour
80.5516004562378 , 30.49651355746402 , q1 , 20 , 4 , day
530.2040100097656 , 219.66231950195473 , q1 , 20 , 4 , week
2071.0341453552246 , 715.0737848111303 , q1 , 20 , 4 , month
2.8147220611572266 , 6.597303439820418 , q1 , 20 , 6 , minute
4.3808698654174805 , 0.734669192874591 , q1 , 20 , 6 , hour
116.71392917633057 , 49.82594261097842 , q1 , 20 , 6 , day
754.0630102157593 , 264.32196601993013 , q1 , 20 , 6 , week
3077.739977836609 , 1078.3369840514133 , q1 , 20 , 6 , month
4.251766204833984 , 10.623376659946702 , q1 , 20 , 8 , minute
5.825710296630859 , 0.829425389241707 , q1 , 20 , 8 , hour
162.13817596435547 , 76.0313609005579 , q1 , 20 , 8 , day
1018.5278177261353 , 401.8531652261487 , q1 , 20 , 8 , week
4052.0323753356934 , 1347.9868279416282 , q1 , 20 , 8 , month
5.347490310668945 , 13.569752361554286 , q1 , 20 , 10 , minute
6.978321075439453 , 0.6514552540077833 , q1 , 20 , 10 , hour
197.51474857330322 , 82.96731022029128 , q1 , 20 , 10 , day
1228.6527633666992 , 490.1245428517164 , q1 , 20 , 10 , week
4976.873016357422 , 1348.560182645478 , q1 , 20 , 10 , month
1.455831527709961 , 2.0880291347921016 , q1 , 40 , 2 , minute
2.8653860092163086 , 0.29613637302954104 , q1 , 40 , 2 , hour
68.87319087982178 , 12.529840007571776 , q1 , 40 , 2 , day
424.65500831604004 , 58.033692268247954 , q1 , 40 , 2 , week
1688.7731075286865 , 101.82719958176227 , q1 , 40 , 2 , month
1.927804946899414 , 2.5355676502557474 , q1 , 40 , 4 , minute
4.983925819396973 , 0.6964386076269199 , q1 , 40 , 4 , hour
124.15447235107422 , 10.693444590983164 , q1 , 40 , 4 , day
803.1292915344238 , 19.49297738873302 , q1 , 40 , 4 , week
3361.2294912338257 , 193.06478222604528 , q1 , 40 , 4 , month
6.049180030822754 , 14.731743897695663 , q1 , 40 , 6 , minute
7.247018814086914 , 0.5683113899288468 , q1 , 40 , 6 , hour
207.4641466140747 , 97.74756367498225 , q1 , 40 , 6 , day
1325.9121894836426 , 417.8069407173919 , q1 , 40 , 6 , week
5788.054847717285 , 255.49578359667416 , q1 , 40 , 6 , month
5.225658416748047 , 10.878573336557773 , q1 , 40 , 8 , minute
10.378885269165039 , 1.4564244006129095 , q1 , 40 , 8 , hour
264.67270851135254 , 70.49579064865581 , q1 , 40 , 8 , day
1781.2931776046753 , 194.57952937289303 , q1 , 40 , 8 , week
8087.337851524353 , 1017.306300712661 , q1 , 40 , 8 , month
3.572392463684082 , 6.452222926529595 , q1 , 40 , 10 , minute
15.049886703491211 , 5.651348444770675 , q1 , 40 , 10 , hour
314.6329879760742 , 29.610826518321307 , q1 , 40 , 10 , day
2313.2572174072266 , 213.43069031690501 , q1 , 40 , 10 , week
10439.018750190735 , 1722.0691697725995 , q1 , 40 , 10 , month
3.4241199493408203 , 7.159834311378048 , q1 , 60 , 2 , minute
3.7712812423706055 , 0.1268618590591836 , q1 , 60 , 2 , hour
106.27405643463135 , 43.24903690395267 , q1 , 60 , 2 , day
670.3688621520996 , 260.5090934213986 , q1 , 60 , 2 , week
2650.72979927063 , 158.75440125798414 , q1 , 60 , 2 , month
2.074861526489258 , 2.731954126669535 , q1 , 60 , 4 , minute
6.99620246887207 , 0.5986439880559058 , q1 , 60 , 4 , hour
175.6561279296875 , 6.52144076965275 , q1 , 60 , 4 , day
1179.397988319397 , 34.65957168989759 , q1 , 60 , 4 , week
5356.053853034973 , 271.27732126079866 , q1 , 60 , 4 , month
2.562999725341797 , 2.8920542550483654 , q1 , 60 , 6 , minute
11.093282699584961 , 0.5927053396719594 , q1 , 60 , 6 , hour
261.2678050994873 , 22.149847208043127 , q1 , 60 , 6 , day
1781.5500736236572 , 181.49164823378626 , q1 , 60 , 6 , week
8376.639199256897 , 1171.034865997351 , q1 , 60 , 6 , month
3.8373231887817383 , 5.774466737422802 , q1 , 60 , 8 , minute
16.735100746154785 , 3.645045390052119 , q1 , 60 , 8 , hour
355.908465385437 , 23.12578313373734 , q1 , 60 , 8 , day
2621.3111639022827 , 81.98897910815292 , q1 , 60 , 8 , week
11293.136072158813 , 1248.651417140611 , q1 , 60 , 8 , month
5.566620826721191 , 8.953917476757411 , q1 , 60 , 10 , minute
23.51968288421631 , 8.931424809482005 , q1 , 60 , 10 , hour
452.1551847457886 , 35.917957065835374 , q1 , 60 , 10 , day
3327.8537034988403 , 176.05660325580124 , q1 , 60 , 10 , week
14428.940200805664 , 1221.642240477775 , q1 , 60 , 10 , month
1.7687320709228516 , 1.0405336403118266 , q1 , 80 , 2 , minute
4.779243469238281 , 0.24537407788294244 , q1 , 80 , 2 , hour
113.77618312835693 , 7.104929410196902 , q1 , 80 , 2 , day
779.8313140869141 , 32.056244172762796 , q1 , 80 , 2 , week
3704.556083679199 , 211.92408603408296 , q1 , 80 , 2 , month
5.833864212036133 , 12.36597161366462 , q1 , 80 , 4 , minute
13.779330253601074 , 10.95043321251163 , q1 , 80 , 4 , hour
255.11727333068848 , 62.494921272169414 , q1 , 80 , 4 , day
1740.4236316680908 , 379.88724666841927 , q1 , 80 , 4 , week
7329.09095287323 , 665.0214728985146 , q1 , 80 , 4 , month
3.0179262161254883 , 2.669180142671655 , q1 , 80 , 6 , minute
15.24043083190918 , 0.6144410008190888 , q1 , 80 , 6 , hour
346.1499214172363 , 30.505067109789316 , q1 , 80 , 6 , day
2425.902533531189 , 266.15529661762395 , q1 , 80 , 6 , week
11317.56625175476 , 1430.6516693311273 , q1 , 80 , 6 , month
4.170036315917969 , 4.640028647880716 , q1 , 80 , 8 , minute
23.338603973388672 , 1.7345666462812623 , q1 , 80 , 8 , hour
461.5032434463501 , 34.05717523395186 , q1 , 80 , 8 , day
3410.0127935409546 , 354.52889780762916 , q1 , 80 , 8 , week
15270.737719535828 , 386.9762540464672 , q1 , 80 , 8 , month
15.030193328857422 , 31.045162100341223 , q1 , 80 , 10 , minute
32.366132736206055 , 3.87742474576597 , q1 , 80 , 10 , hour
724.2401838302612 , 207.97987675150637 , q1 , 80 , 10 , day
5014.677262306213 , 605.0506103501112 , q1 , 80 , 10 , week
22218.472838401794 , 1111.9034855506318 , q1 , 80 , 10 , month
2.4231433868408203 , 2.100864576290726 , q1 , 100 , 2 , minute
6.195354461669922 , 0.8533783522050332 , q1 , 100 , 2 , hour
143.42610836029053 , 10.432583265706597 , q1 , 100 , 2 , day
973.7169742584229 , 46.65261704103029 , q1 , 100 , 2 , week
4391.299104690552 , 330.0677689331854 , q1 , 100 , 2 , month
3.4145593643188477 , 3.3944296749623586 , q1 , 100 , 4 , minute
14.965057373046875 , 9.233703271914838 , q1 , 100 , 4 , hour
289.0618324279785 , 37.046405611488524 , q1 , 100 , 4 , day
2063.056206703186 , 238.8730693191206 , q1 , 100 , 4 , week
9379.187273979187 , 989.872239135782 , q1 , 100 , 4 , month
4.08780574798584 , 2.620107840630809 , q1 , 100 , 6 , minute
21.130061149597168 , 1.804121639377691 , q1 , 100 , 6 , hour
427.40349769592285 , 34.81230781313303 , q1 , 100 , 6 , day
3220.732045173645 , 281.73483535118396 , q1 , 100 , 6 , week
13989.231514930725 , 1408.6126620204122 , q1 , 100 , 6 , month
6.1611175537109375 , 6.826125296251787 , q1 , 100 , 8 , minute
32.8343391418457 , 2.256416306420482 , q1 , 100 , 8 , hour
643.6087846755981 , 36.28767492123613 , q1 , 100 , 8 , day
4771.358847618103 , 306.41923025603614 , q1 , 100 , 8 , week
21726.460313796997 , 1952.8473425486497 , q1 , 100 , 8 , month
6.4536333084106445 , 5.381893433607418 , q1 , 100 , 10 , minute
38.29500675201416 , 2.786850015938774 , q1 , 100 , 10 , hour
814.2800807952881 , 50.533117135691846 , q1 , 100 , 10 , day
5888.82999420166 , 422.0079552133433 , q1 , 100 , 10 , week
26734.82937812805 , 2311.8936123586404 , q1 , 100 , 10 , month
0.31044483184814453 , 0.22183073137203235 , q3 , 1 , 2 , minute
0.22258758544921875 , 0.05565962736157981 , q3 , 1 , 2 , hour
1.7612218856811523 , 0.5212180284236456 , q3 , 1 , 2 , day
1.715850830078125 , 0.5194304379311518 , q3 , 1 , 2 , week
1.902008056640625 , 0.6304424444930404 , q3 , 1 , 2 , month
0.30274391174316406 , 0.14662024541568974 , q3 , 1 , 4 , minute
0.24204254150390625 , 0.02698985369101715 , q3 , 1 , 4 , hour
2.69777774810791 , 1.0979402136285628 , q3 , 1 , 4 , day
2.9032468795776367 , 0.9074032478920544 , q3 , 1 , 4 , week
3.383517265319824 , 1.1460922107001448 , q3 , 1 , 4 , month
0.3378868103027344 , 0.15501526287893927 , q3 , 1 , 6 , minute
0.3092527389526367 , 0.04990635523934995 , q3 , 1 , 6 , hour
3.568911552429199 , 1.244532754636219 , q3 , 1 , 6 , day
4.902219772338867 , 1.6587041103251596 , q3 , 1 , 6 , week
4.455852508544922 , 1.694388713669692 , q3 , 1 , 6 , month
0.3618955612182617 , 0.14548728315558945 , q3 , 1 , 8 , minute
0.31757354736328125 , 0.036932398339575664 , q3 , 1 , 8 , hour
5.671477317810059 , 1.9186159415249797 , q3 , 1 , 8 , day
6.495165824890137 , 1.804910466619525 , q3 , 1 , 8 , week
6.746125221252441 , 1.3623407433246941 , q3 , 1 , 8 , month
0.4586935043334961 , 0.1584918954177833 , q3 , 1 , 10 , minute
0.42083263397216797 , 0.042895095958089054 , q3 , 1 , 10 , hour
6.596899032592773 , 2.1513377843491472 , q3 , 1 , 10 , day
6.666445732116699 , 1.5543085050934529 , q3 , 1 , 10 , week
8.39245319366455 , 2.576856200272518 , q3 , 1 , 10 , month
0.7266759872436523 , 0.41306996383646977 , q3 , 20 , 2 , minute
0.4931926727294922 , 0.10296617304933027 , q3 , 20 , 2 , hour
22.536945343017578 , 12.085410801204006 , q3 , 20 , 2 , day
22.72617816925049 , 11.35942812576784 , q3 , 20 , 2 , week
34.81242656707764 , 14.05560347472172 , q3 , 20 , 2 , month
1.0897636413574219 , 0.7540709647766326 , q3 , 20 , 4 , minute
0.5158185958862305 , 0.1339657025907592 , q3 , 20 , 4 , hour
46.68469429016113 , 22.81168040848442 , q3 , 20 , 4 , day
59.61766242980957 , 26.50539728559133 , q3 , 20 , 4 , week
75.57187080383301 , 18.163659833812616 , q3 , 20 , 4 , month
1.0102510452270508 , 0.5975626633663311 , q3 , 20 , 6 , minute
0.7902622222900391 , 0.08922308626980564 , q3 , 20 , 6 , hour
63.53340148925781 , 25.586644258992862 , q3 , 20 , 6 , day
87.6549482345581 , 25.39582788238266 , q3 , 20 , 6 , week
94.59202289581299 , 26.185821705266076 , q3 , 20 , 6 , month
1.2441635131835938 , 0.6841652943466429 , q3 , 20 , 8 , minute
0.9948253631591797 , 0.11866084138988393 , q3 , 20 , 8 , hour
96.8839168548584 , 36.94900879629687 , q3 , 20 , 8 , day
118.85838508605957 , 31.96201651469396 , q3 , 20 , 8 , week
140.35491943359375 , 38.60377639588565 , q3 , 20 , 8 , month
1.552438735961914 , 1.6376644951534336 , q3 , 20 , 10 , minute
1.0640382766723633 , 0.18861297158090004 , q3 , 20 , 10 , hour
126.53367519378662 , 37.07635561409752 , q3 , 20 , 10 , day
153.15544605255127 , 32.713908540545816 , q3 , 20 , 10 , week
199.1771697998047 , 59.42741111995391 , q3 , 20 , 10 , month
1.1494874954223633 , 0.9540871815929605 , q3 , 40 , 2 , minute
0.7355928421020508 , 0.10505572904766865 , q3 , 40 , 2 , hour
44.30441856384277 , 11.550854806574705 , q3 , 40 , 2 , day
59.722137451171875 , 17.64853486875746 , q3 , 40 , 2 , week
69.41261291503906 , 21.221752702446093 , q3 , 40 , 2 , month
1.397538185119629 , 0.7310702623038214 , q3 , 40 , 4 , minute
0.9920358657836914 , 0.0929372115173954 , q3 , 40 , 4 , hour
86.39998435974121 , 18.687369518068124 , q3 , 40 , 4 , day
105.43956756591797 , 18.16378921787206 , q3 , 40 , 4 , week
133.43992233276367 , 26.304453628602847 , q3 , 40 , 4 , month
1.6553163528442383 , 1.5578444514412226 , q3 , 40 , 6 , minute
1.3120174407958984 , 0.13331059954371927 , q3 , 40 , 6 , hour
166.08519554138184 , 67.40152726881429 , q3 , 40 , 6 , day
176.77159309387207 , 52.982281607017676 , q3 , 40 , 6 , week
211.3518476486206 , 34.159412886199895 , q3 , 40 , 6 , month
1.7896413803100586 , 0.7679385167877744 , q3 , 40 , 8 , minute
1.540231704711914 , 0.20815457013019947 , q3 , 40 , 8 , hour
196.13471031188965 , 48.60717216526823 , q3 , 40 , 8 , day
233.38992595672607 , 40.37397885840672 , q3 , 40 , 8 , week
289.56942558288574 , 70.3339855894199 , q3 , 40 , 8 , month
1.9561529159545898 , 1.5754672087542405 , q3 , 40 , 10 , minute
1.8336057662963867 , 0.35489751479223786 , q3 , 40 , 10 , hour
224.84283447265625 , 61.67268881175579 , q3 , 40 , 10 , day
275.75440406799316 , 75.28476387327028 , q3 , 40 , 10 , week
363.61536979675293 , 148.4156568779381 , q3 , 40 , 10 , month
1.3579368591308594 , 0.8516212059113675 , q3 , 60 , 2 , minute
1.0792732238769531 , 0.16968439343152347 , q3 , 60 , 2 , hour
70.3409194946289 , 19.81840919324228 , q3 , 60 , 2 , day
91.09935760498047 , 23.461458971461266 , q3 , 60 , 2 , week
116.89820289611816 , 29.692411909138265 , q3 , 60 , 2 , month
1.6829252243041992 , 0.97093819019518 , q3 , 60 , 4 , minute
1.4226913452148438 , 0.2558373877537088 , q3 , 60 , 4 , hour
140.52894115447998 , 32.23673619089529 , q3 , 60 , 4 , day
165.98515510559082 , 36.49981127404406 , q3 , 60 , 4 , week
194.05767917633057 , 32.224950013270764 , q3 , 60 , 4 , month
1.8664836883544922 , 1.1764975985404664 , q3 , 60 , 6 , minute
1.3475894927978516 , 0.09051758465604576 , q3 , 60 , 6 , hour
189.87939357757568 , 41.30835626948702 , q3 , 60 , 6 , day
238.69597911834717 , 44.47493972966781 , q3 , 60 , 6 , week
324.92995262145996 , 57.53718400257215 , q3 , 60 , 6 , month
2.287721633911133 , 1.9348982198110711 , q3 , 60 , 8 , minute
2.2533416748046875 , 0.5908004350907347 , q3 , 60 , 8 , hour
289.88893032073975 , 73.07052138124993 , q3 , 60 , 8 , day
336.56749725341797 , 67.50720800687388 , q3 , 60 , 8 , week
420.71824073791504 , 83.09248020809335 , q3 , 60 , 8 , month
2.6590347290039062 , 2.5923318967691373 , q3 , 60 , 10 , minute
1.9025087356567383 , 0.07807997546206658 , q3 , 60 , 10 , hour
336.93416118621826 , 80.32422978365237 , q3 , 60 , 10 , day
431.6890001296997 , 143.94918326718002 , q3 , 60 , 10 , week
610.3984832763672 , 80.89714172224654 , q3 , 60 , 10 , month
1.515030860900879 , 0.8692168270332329 , q3 , 80 , 2 , minute
1.1691093444824219 , 0.10977898836543135 , q3 , 80 , 2 , hour
88.93320560455322 , 24.971590271795 , q3 , 80 , 2 , day
112.31546401977539 , 29.253398118765137 , q3 , 80 , 2 , week
133.73920917510986 , 24.235032500547877 , q3 , 80 , 2 , month
2.0911216735839844 , 1.175516473251933 , q3 , 80 , 4 , minute
2.0359039306640625 , 0.7264233927927864 , q3 , 80 , 4 , hour
203.83241176605225 , 49.55228661327187 , q3 , 80 , 4 , day
246.54076099395752 , 61.45893143735721 , q3 , 80 , 4 , week
271.87659740448 , 40.679707692902944 , q3 , 80 , 4 , month
2.4620532989501953 , 1.3778548380344768 , q3 , 80 , 6 , minute
2.3038148880004883 , 0.3430702510187547 , q3 , 80 , 6 , hour
263.8530492782593 , 37.42557716896248 , q3 , 80 , 6 , day
320.98119258880615 , 58.7122779246451 , q3 , 80 , 6 , week
395.7322835922241 , 111.458916904359 , q3 , 80 , 6 , month
2.966952323913574 , 2.805456472907445 , q3 , 80 , 8 , minute
2.616095542907715 , 0.35909224068808093 , q3 , 80 , 8 , hour
391.15660190582275 , 132.01309162949013 , q3 , 80 , 8 , day
454.87327575683594 , 124.63232518624238 , q3 , 80 , 8 , week
669.2033529281616 , 88.1558844290099 , q3 , 80 , 8 , month
3.627347946166992 , 3.5680602830183994 , q3 , 80 , 10 , minute
2.7771949768066406 , 0.07902177906309628 , q3 , 80 , 10 , hour
486.9699001312256 , 136.47823712216822 , q3 , 80 , 10 , day
638.7797594070435 , 196.15359681319237 , q3 , 80 , 10 , week
997.2927570343018 , 75.59565267749792 , q3 , 80 , 10 , month
1.6878366470336914 , 1.0080619914145423 , q3 , 100 , 2 , minute
1.5326976776123047 , 0.28449823477011565 , q3 , 100 , 2 , hour
110.18099784851074 , 30.955804448970603 , q3 , 100 , 2 , day
135.3849172592163 , 39.99137372011565 , q3 , 100 , 2 , week
157.2016477584839 , 43.44556262912525 , q3 , 100 , 2 , month
2.4550437927246094 , 1.7587481350367722 , q3 , 100 , 4 , minute
2.0067214965820312 , 0.31316929119395714 , q3 , 100 , 4 , hour
202.38847732543945 , 32.32232414841831 , q3 , 100 , 4 , day
240.33944606781006 , 43.484890587998564 , q3 , 100 , 4 , week
332.4930429458618 , 128.0440977878226 , q3 , 100 , 4 , month
3.065037727355957 , 2.679092192936949 , q3 , 100 , 6 , minute
2.40781307220459 , 0.157853604512083 , q3 , 100 , 6 , hour
308.7848663330078 , 49.533270192919396 , q3 , 100 , 6 , day
385.3515625 , 71.31359422264822 , q3 , 100 , 6 , week
667.306661605835 , 71.75303198042563 , q3 , 100 , 6 , month
3.495049476623535 , 2.897761149836048 , q3 , 100 , 8 , minute
3.799891471862793 , 1.2234547437318946 , q3 , 100 , 8 , hour
455.7318925857544 , 125.7531941327794 , q3 , 100 , 8 , day
539.1701221466064 , 168.5465951208212 , q3 , 100 , 8 , week
1018.9262390136719 , 129.5139586909771 , q3 , 100 , 8 , month
4.602837562561035 , 4.231658997103504 , q3 , 100 , 10 , minute
4.023170471191406 , 0.41753172666286464 , q3 , 100 , 10 , hour
678.4096479415894 , 205.573339574356 , q3 , 100 , 10 , day
752.4925470352173 , 259.269135227978 , q3 , 100 , 10 , week
1495.594882965088 , 31.859124462738272 , q3 , 100 , 10 , month
0.4100799560546875 , 0.18265187021848098 , q4 , 1 , 2 , minute
0.4534482955932617 , 0.047797947061820806 , q4 , 1 , 2 , hour
1.594400405883789 , 0.3962625998572987 , q4 , 1 , 2 , day
9.171748161315918 , 5.389143286752659 , q4 , 1 , 2 , week
30.488038063049316 , 1.1149089206168703 , q4 , 1 , 2 , month
0.2852916717529297 , 0.09057739065593591 , q4 , 1 , 4 , minute
0.4548788070678711 , 0.05108769238798714 , q4 , 1 , 4 , hour
2.7054548263549805 , 0.5108195102995414 , q4 , 1 , 4 , day
14.705801010131836 , 1.121217171736056 , q4 , 1 , 4 , week
61.2278938293457 , 1.4547241985321986 , q4 , 1 , 4 , month
0.3010988235473633 , 0.09052383983894424 , q4 , 1 , 6 , minute
0.36470890045166016 , 0.025068126037564205 , q4 , 1 , 6 , hour
3.320026397705078 , 0.1069082662157605 , q4 , 1 , 6 , day
21.398591995239258 , 0.5521398281515054 , q4 , 1 , 6 , week
92.77873039245605 , 1.3606338325008933 , q4 , 1 , 6 , month
0.4276275634765625 , 0.0927975013883409 , q4 , 1 , 8 , minute
0.5822181701660156 , 0.0777589036451454 , q4 , 1 , 8 , hour
4.452371597290039 , 0.20032610101382908 , q4 , 1 , 8 , day
28.596186637878418 , 1.0917138021714534 , q4 , 1 , 8 , week
126.8214464187622 , 5.774694147961995 , q4 , 1 , 8 , month
0.5375862121582031 , 0.11000007291352006 , q4 , 1 , 10 , minute
0.8362531661987305 , 0.015879962087647338 , q4 , 1 , 10 , hour
5.560755729675293 , 0.2867103942246242 , q4 , 1 , 10 , day
35.69669723510742 , 0.7590602629575346 , q4 , 1 , 10 , week
157.3211669921875 , 2.578072534051739 , q4 , 1 , 10 , month
0.8686065673828125 , 0.13584535608319478 , q4 , 20 , 2 , minute
1.1284589767456055 , 0.14425028765358439 , q4 , 20 , 2 , hour
11.12830638885498 , 0.4507453188508959 , q4 , 20 , 2 , day
74.70231056213379 , 1.8649446219042276 , q4 , 20 , 2 , week
320.73659896850586 , 8.712303286779578 , q4 , 20 , 2 , month
1.3173103332519531 , 0.3216274545972605 , q4 , 20 , 4 , minute
1.833510398864746 , 0.044038442255449846 , q4 , 20 , 4 , hour
21.857714653015137 , 0.971802593332534 , q4 , 20 , 4 , day
153.03537845611572 , 7.819589767673656 , q4 , 20 , 4 , week
641.7583227157593 , 14.314808506528578 , q4 , 20 , 4 , month
2.00045108795166 , 0.5232871029834428 , q4 , 20 , 6 , minute
3.6883115768432617 , 1.371828941386463 , q4 , 20 , 6 , hour
34.179067611694336 , 2.881310952393543 , q4 , 20 , 6 , day
228.87210845947266 , 9.83387252894223 , q4 , 20 , 6 , week
969.2588567733765 , 23.548657854952555 , q4 , 20 , 6 , month
2.642989158630371 , 1.0534333548179937 , q4 , 20 , 8 , minute
3.556370735168457 , 0.051610417924114374 , q4 , 20 , 8 , hour
44.966673851013184 , 3.0992947190108713 , q4 , 20 , 8 , day
306.9272041320801 , 12.012852403024302 , q4 , 20 , 8 , week
1289.8751974105835 , 40.60896597255374 , q4 , 20 , 8 , month
3.507852554321289 , 1.6818604620623885 , q4 , 20 , 10 , minute
4.9713134765625 , 1.8589532399254205 , q4 , 20 , 10 , hour
57.84497261047363 , 4.647079796368201 , q4 , 20 , 10 , day
381.6986560821533 , 21.229831002810116 , q4 , 20 , 10 , week
1621.92223072052 , 59.92592760084535 , q4 , 20 , 10 , month
2.4196386337280273 , 1.2101701628540154 , q4 , 40 , 2 , minute
3.0478954315185547 , 0.8589844016457356 , q4 , 40 , 2 , hour
22.074174880981445 , 1.0830731356048993 , q4 , 40 , 2 , day
147.58448600769043 , 4.290884093471293 , q4 , 40 , 2 , week
625.8991479873657 , 16.488587809043164 , q4 , 40 , 2 , month
2.268075942993164 , 0.5186799460908589 , q4 , 40 , 4 , minute
3.4645795822143555 , 0.05932075392276211 , q4 , 40 , 4 , hour
43.097710609436035 , 1.6546119165488287 , q4 , 40 , 4 , day
295.3592300415039 , 9.783804610269057 , q4 , 40 , 4 , week
1255.0257682800293 , 32.84579900099127 , q4 , 40 , 4 , month
3.0346155166625977 , 1.3307765143090724 , q4 , 40 , 6 , minute
4.786825180053711 , 0.03848853446974234 , q4 , 40 , 6 , hour
64.90490436553955 , 3.7816331462743458 , q4 , 40 , 6 , day
442.64910221099854 , 18.849643267062373 , q4 , 40 , 6 , week
1884.2909812927246 , 60.120517441806406 , q4 , 40 , 6 , month
4.533839225769043 , 3.054784591806053 , q4 , 40 , 8 , minute
7.983541488647461 , 2.4366783822822455 , q4 , 40 , 8 , hour
86.9868278503418 , 3.5193303232610558 , q4 , 40 , 8 , day
591.4230346679688 , 15.519896230189943 , q4 , 40 , 8 , week
2508.960771560669 , 90.31623341929836 , q4 , 40 , 8 , month
4.961824417114258 , 1.9725563513778062 , q4 , 40 , 10 , minute
8.98730754852295 , 0.7268418238600171 , q4 , 40 , 10 , hour
109.42604541778564 , 3.697102449452884 , q4 , 40 , 10 , day
741.6445255279541 , 25.00315433064658 , q4 , 40 , 10 , week
3151.428008079529 , 119.30451328069044 , q4 , 40 , 10 , month
3.131890296936035 , 1.4690349810145562 , q4 , 60 , 2 , minute
3.516530990600586 , 0.09351914187657641 , q4 , 60 , 2 , hour
32.73811340332031 , 2.1297841569683422 , q4 , 60 , 2 , day
222.2879409790039 , 11.59349079476389 , q4 , 60 , 2 , week
941.0617589950562 , 46.07089302585117 , q4 , 60 , 2 , month
4.471111297607422 , 1.5909236731179186 , q4 , 60 , 4 , minute
5.519843101501465 , 0.06968237713214437 , q4 , 60 , 4 , hour
65.84510803222656 , 4.1138490875985605 , q4 , 60 , 4 , day
441.0428047180176 , 12.722673843327291 , q4 , 60 , 4 , week
1897.2679138183594 , 71.31502734531821 , q4 , 60 , 4 , month
5.007719993591309 , 2.9807549938973184 , q4 , 60 , 6 , minute
7.221364974975586 , 0.1511178548291283 , q4 , 60 , 6 , hour
97.73533344268799 , 6.9454972243543684 , q4 , 60 , 6 , day
655.1308393478394 , 24.790561394903595 , q4 , 60 , 6 , week
2811.286973953247 , 117.61964617624238 , q4 , 60 , 6 , month
6.485104560852051 , 4.019696966910085 , q4 , 60 , 8 , minute
12.66632080078125 , 4.012183091664295 , q4 , 60 , 8 , hour
133.27834606170654 , 8.94432622738862 , q4 , 60 , 8 , day
878.3148527145386 , 27.406746116851053 , q4 , 60 , 8 , week
3755.958914756775 , 113.97250860330142 , q4 , 60 , 8 , month
8.568143844604492 , 4.164689822498856 , q4 , 60 , 10 , minute
11.950969696044922 , 0.28931177417968473 , q4 , 60 , 10 , hour
168.16608905792236 , 13.722848515391771 , q4 , 60 , 10 , day
1090.8174753189087 , 29.929449259312676 , q4 , 60 , 10 , week
5040.9430503845215 , 88.97759281421546 , q4 , 60 , 10 , month
3.770780563354492 , 1.9281934832911545 , q4 , 80 , 2 , minute
5.362200736999512 , 1.8119127592816295 , q4 , 80 , 2 , hour
46.3214635848999 , 4.831222043635995 , q4 , 80 , 2 , day
290.76173305511475 , 10.003032868790786 , q4 , 80 , 2 , week
1229.822325706482 , 34.91479043180315 , q4 , 80 , 2 , month
5.361700057983398 , 2.6884434199308496 , q4 , 80 , 4 , minute
9.152007102966309 , 3.2051429068483848 , q4 , 80 , 4 , hour
91.14742279052734 , 11.883600638421687 , q4 , 80 , 4 , day
583.012580871582 , 16.89160645519745 , q4 , 80 , 4 , week
2468.8650608062744 , 84.16977756049529 , q4 , 80 , 4 , month
7.246041297912598 , 2.9229169822300545 , q4 , 80 , 6 , minute
11.937427520751953 , 3.151341940031496 , q4 , 80 , 6 , hour
132.07521438598633 , 5.933897140083211 , q4 , 80 , 6 , day
879.9706220626831 , 18.374622820791682 , q4 , 80 , 6 , week
3737.6401901245117 , 114.78017216962311 , q4 , 80 , 6 , month
9.096121788024902 , 4.557227465174005 , q4 , 80 , 8 , minute
14.423179626464844 , 2.30234982150931 , q4 , 80 , 8 , hour
183.43844413757324 , 25.56649470073497 , q4 , 80 , 8 , day
1165.1074409484863 , 40.957961046885146 , q4 , 80 , 8 , week
5396.072173118591 , 95.03423114875595 , q4 , 80 , 8 , month
10.344076156616211 , 5.175037793643599 , q4 , 80 , 10 , minute
16.813039779663086 , 0.25970645922358965 , q4 , 80 , 10 , hour
221.65067195892334 , 12.36632078742606 , q4 , 80 , 10 , day
1473.7972021102905 , 62.50364732266493 , q4 , 80 , 10 , week
6811.1862897872925 , 167.24045782793903 , q4 , 80 , 10 , month
4.716610908508301 , 1.6312805643382389 , q4 , 100 , 2 , minute
5.954718589782715 , 0.478819032567006 , q4 , 100 , 2 , hour
54.317665100097656 , 1.8788690206947287 , q4 , 100 , 2 , day
361.9373083114624 , 11.836920158257794 , q4 , 100 , 2 , week
1522.6999521255493 , 36.41412896018437 , q4 , 100 , 2 , month
5.6369781494140625 , 1.1029993894733452 , q4 , 100 , 4 , minute
9.079241752624512 , 0.23804806556248065 , q4 , 100 , 4 , hour
106.62086009979248 , 1.5098185701317008 , q4 , 100 , 4 , day
714.4522905349731 , 9.385009383699561 , q4 , 100 , 4 , week
3047.4172353744507 , 68.74950623378571 , q4 , 100 , 4 , month
7.573866844177246 , 4.940515001071384 , q4 , 100 , 6 , minute
11.748361587524414 , 0.07303982128309838 , q4 , 100 , 6 , hour
159.81669425964355 , 7.574993407451324 , q4 , 100 , 6 , day
1074.5035886764526 , 20.323882472122442 , q4 , 100 , 6 , week
4915.000152587891 , 91.6347780008206 , q4 , 100 , 6 , month
9.163713455200195 , 3.0819086801670226 , q4 , 100 , 8 , minute
17.19489097595215 , 1.1371769700590177 , q4 , 100 , 8 , hour
211.39345169067383 , 6.2286046256631264 , q4 , 100 , 8 , day
1431.325101852417 , 46.51116476622058 , q4 , 100 , 8 , week
6605.861496925354 , 27.653487653826694 , q4 , 100 , 8 , month
10.69498062133789 , 3.529918716976098 , q4 , 100 , 10 , minute
19.264912605285645 , 0.0470025968024478 , q4 , 100 , 10 , hour
266.52350425720215 , 8.893805527762787 , q4 , 100 , 10 , day
1789.2396450042725 , 44.832457728059055 , q4 , 100 , 10 , week
8284.898567199707 , 59.56464059199915 , q4 , 100 , 10 , month
0.36280155181884766 , 0.3440420034574322 , q5 , 1 , 2 , minute
3.979063034057617 , 0.9998419943931666 , q5 , 1 , 2 , hour
85.02309322357178 , 4.069265965186272 , q5 , 1 , 2 , day
569.9730634689331 , 11.905122755277167 , q5 , 1 , 2 , week
2401.7168045043945 , 54.56035934539589 , q5 , 1 , 2 , month
0.5949258804321289 , 0.5262921035865912 , q5 , 1 , 4 , minute
6.925702095031738 , 1.282307322377565 , q5 , 1 , 4 , hour
163.32767009735107 , 6.077926823624174 , q5 , 1 , 4 , day
1112.7010822296143 , 12.750434454103434 , q5 , 1 , 4 , week
4756.005358695984 , 85.80931123640775 , q5 , 1 , 4 , month
0.7930755615234375 , 0.6878272585988443 , q5 , 1 , 6 , minute
11.026263236999512 , 2.7884183538590754 , q5 , 1 , 6 , hour
244.6547269821167 , 8.68752511101562 , q5 , 1 , 6 , day
1687.8403663635254 , 28.047476830462873 , q5 , 1 , 6 , week
7169.175481796265 , 147.72864488521634 , q5 , 1 , 6 , month
0.9163141250610352 , 0.7302158459507071 , q5 , 1 , 8 , minute
14.025354385375977 , 3.3406925486806864 , q5 , 1 , 8 , hour
332.5922727584839 , 17.187240121676037 , q5 , 1 , 8 , day
2226.0709524154663 , 27.38139162945202 , q5 , 1 , 8 , week
9868.719696998596 , 420.17911272345015 , q5 , 1 , 8 , month
1.0210752487182617 , 1.0362964769848992 , q5 , 1 , 10 , minute
17.27290153503418 , 3.470124739412134 , q5 , 1 , 10 , hour
417.3192501068115 , 21.003881591925232 , q5 , 1 , 10 , day
2838.141179084778 , 48.29249734411849 , q5 , 1 , 10 , week
12583.542585372925 , 366.5240767013162 , q5 , 1 , 10 , month
1.8594026565551758 , 2.554535987736768 , q5 , 20 , 2 , minute
16.83189868927002 , 8.55466330443712 , q5 , 20 , 2 , hour
374.0320920944214 , 39.91734905698282 , q5 , 20 , 2 , day
2429.854464530945 , 65.15935039437028 , q5 , 20 , 2 , week
10882.562279701233 , 395.53414208844595 , q5 , 20 , 2 , month
2.6218652725219727 , 3.8270204157886427 , q5 , 20 , 4 , minute
35.53776741027832 , 13.563624947858592 , q5 , 20 , 4 , hour
758.4152936935425 , 77.14983716337599 , q5 , 20 , 4 , day
5034.916567802429 , 213.54994285726158 , q5 , 20 , 4 , week
21758.353233337402 , 1154.7248835723074 , q5 , 20 , 4 , month
3.974628448486328 , 5.927091945937659 , q5 , 20 , 6 , minute
52.007460594177246 , 17.23929525927719 , q5 , 20 , 6 , hour
1096.282935142517 , 118.30993913307464 , q5 , 20 , 6 , day
8033.890724182129 , 371.9805772659903 , q5 , 20 , 6 , week
32265.284514427185 , 1874.9557043486363 , q5 , 20 , 6 , month
5.678606033325195 , 6.69955280732449 , q5 , 20 , 8 , minute
68.98901462554932 , 18.89973188071888 , q5 , 20 , 8 , hour
1494.1283702850342 , 228.5640690091249 , q5 , 20 , 8 , day
10646.026873588562 , 95.45216735401067 , q5 , 20 , 8 , week
43019.86947059631 , 2771.004482162006 , q5 , 20 , 8 , month
6.32929801940918 , 9.458355900087815 , q5 , 20 , 10 , minute
88.84868621826172 , 18.130423997616788 , q5 , 20 , 10 , hour
1989.8388624191284 , 330.9498321561251 , q5 , 20 , 10 , day
13258.053040504456 , 307.43249565110455 , q5 , 20 , 10 , week
55586.160527335276 , 5533.506054856123 , q5 , 20 , 10 , month
2.2977590560913086 , 1.2244222130645512 , q5 , 40 , 2 , minute
29.1640043258667 , 3.0828326790208296 , q5 , 40 , 2 , hour
694.3743467330933 , 53.801885393392936 , q5 , 40 , 2 , day
4935.003232955933 , 203.1951596601526 , q5 , 40 , 2 , week
19742.927956581116 , 841.2589302133913 , q5 , 40 , 2 , month
3.620147705078125 , 2.0976842514837064 , q5 , 40 , 4 , minute
58.66978168487549 , 6.044933751138661 , q5 , 40 , 4 , hour
1336.1721992492676 , 37.621361044258165 , q5 , 40 , 4 , day
10124.892663955688 , 526.5885563724235 , q5 , 40 , 4 , week
39781.33068084717 , 2843.8479192720306 , q5 , 40 , 4 , month
4.883480072021484 , 2.762208028112275 , q5 , 40 , 6 , minute
92.44740009307861 , 9.848921544055552 , q5 , 40 , 6 , hour
2046.0355043411255 , 118.2162394637502 , q5 , 40 , 6 , day
14719.969725608826 , 862.014671320257 , q5 , 40 , 6 , week
60127.79606713189 , 4978.105428426722 , q5 , 40 , 6 , month
4.750490188598633 , 2.744042623876508 , q5 , 40 , 8 , minute
116.87092781066895 , 11.12954317454991 , q5 , 40 , 8 , hour
2974.374222755432 , 280.2878989530647 , q5 , 40 , 8 , day
20837.120747566223 , 2573.1062108369842 , q5 , 40 , 8 , week
86760.83196912493 , 17311.534630805665 , q5 , 40 , 8 , month
7.452082633972168 , 5.720336720663815 , q5 , 40 , 10 , minute
145.73469161987305 , 12.618677498175174 , q5 , 40 , 10 , hour
3351.5451192855835 , 245.1553323776727 , q5 , 40 , 10 , day
25676.59854888916 , 2211.8522931101334 , q5 , 40 , 10 , week
119547.61631148202 , 24840.637334374496 , q5 , 40 , 10 , month
11.962580680847168 , 10.98741619337633 , q5 , 60 , 2 , minute
62.04979419708252 , 38.423327810818954 , q5 , 60 , 2 , hour
1117.0770406723022 , 314.09719352552196 , q5 , 60 , 2 , day
7134.780430793762 , 240.75565127678126 , q5 , 60 , 2 , week
29566.623187065125 , 1028.618870803586 , q5 , 60 , 2 , month
13.425421714782715 , 16.07694142740119 , q5 , 60 , 4 , minute
89.11018371582031 , 8.992629467569062 , q5 , 60 , 4 , hour
2021.0926055908203 , 187.53460842862344 , q5 , 60 , 4 , day
14684.720063209534 , 704.608388247318 , q5 , 60 , 4 , week
58412.81538539463 , 4280.658728773423 , q5 , 60 , 4 , month
12.18113899230957 , 19.04425660192712 , q5 , 60 , 6 , minute
128.8870334625244 , 9.960250563978645 , q5 , 60 , 6 , hour
3053.9464473724365 , 233.63780338929905 , q5 , 60 , 6 , day
23065.444946289062 , 2047.1429822028408 , q5 , 60 , 6 , week
101718.42810085842 , 18993.68607019491 , q5 , 60 , 6 , month
14.779901504516602 , 22.99528202076005 , q5 , 60 , 8 , minute
171.4529514312744 , 15.423858273211442 , q5 , 60 , 8 , hour
4054.560375213623 , 203.6059724741825 , q5 , 60 , 8 , day
29861.389112472534 , 2231.682817672612 , q5 , 60 , 8 , week
137815.2309145246 , 20825.481074551055 , q5 , 60 , 8 , month
22.22919464111328 , 46.978962790485305 , q5 , 60 , 10 , minute
231.29868507385254 , 37.85062607299756 , q5 , 60 , 10 , hour
5900.352215766907 , 705.9412604840063 , q5 , 60 , 10 , day
38957.045912742615 , 3491.4384900169307 , q5 , 60 , 10 , week
12.747740745544434 , 30.21930631159751 , q5 , 80 , 2 , minute
68.98009777069092 , 32.57320723969068 , q5 , 80 , 2 , hour
1457.04026222229 , 800.3509237048871 , q5 , 80 , 2 , day
10287.830328941345 , 3571.672546654079 , q5 , 80 , 2 , week
14.403605461120605 , 31.14840297439806 , q5 , 80 , 4 , minute
120.01993656158447 , 25.762647316282873 , q5 , 80 , 4 , hour
2828.420829772949 , 683.2331571114705 , q5 , 80 , 4 , day
21384.935450553894 , 2761.276577647048 , q5 , 80 , 4 , week
18.789267539978027 , 31.906962281948044 , q5 , 80 , 6 , minute
185.1210594177246 , 20.105697268274 , q5 , 80 , 6 , hour
4534.9915981292725 , 458.68180297883674 , q5 , 80 , 6 , day
31121.666288375854 , 2754.478547538847 , q5 , 80 , 6 , week
18.738555908203125 , 34.06162362225349 , q5 , 80 , 8 , minute
231.59244060516357 , 24.137515753161434 , q5 , 80 , 8 , hour
5968.981742858887 , 322.84174051419694 , q5 , 80 , 8 , day
40722.23587036133 , 2832.637584380173 , q5 , 80 , 8 , week
23.581910133361816 , 33.18344167923126 , q5 , 80 , 10 , minute
338.25392723083496 , 44.26550428496287 , q5 , 80 , 10 , hour
8295.839953422546 , 396.76622390596503 , q5 , 80 , 10 , day
57229.85132535299 , 1056.7884454180225 , q5 , 80 , 10 , week
5.011248588562012 , 3.014156921173668 , q5 , 100 , 2 , minute
74.0999698638916 , 1.8759081463913532 , q5 , 100 , 2 , hour
1687.182641029358 , 52.483410329985624 , q5 , 100 , 2 , day
11888.346481323242 , 731.4004130656922 , q5 , 100 , 2 , week
7.639503479003906 , 3.2125475383258855 , q5 , 100 , 4 , minute
142.13058948516846 , 13.154066650016638 , q5 , 100 , 4 , hour
3732.617712020874 , 533.5526689633396 , q5 , 100 , 4 , day
24390.694308280945 , 2824.976447469639 , q5 , 100 , 4 , week
11.110472679138184 , 3.29853710595653 , q5 , 100 , 6 , minute
214.0268087387085 , 11.949931083704545 , q5 , 100 , 6 , hour
5413.848543167114 , 430.18692033053367 , q5 , 100 , 6 , day
35846.936106681824 , 3643.6983195059033 , q5 , 100 , 6 , week
14.202404022216797 , 5.703668257540194 , q5 , 100 , 8 , minute
314.8014545440674 , 19.836538251266077 , q5 , 100 , 8 , hour
7792.9391622543335 , 300.4197462054228 , q5 , 100 , 8 , day
53581.185722351074 , 3449.1724593701024 , q5 , 100 , 8 , week
21.532320976257324 , 6.380790024250828 , q5 , 100 , 10 , minute
377.2934675216675 , 18.384552633572355 , q5 , 100 , 10 , hour
9521.522665023804 , 666.214790666128 , q5 , 100 , 10 , day
71474.9661386013 , 8323.258903009944 , q5 , 100 , 10 , week
0.42030811309814453 , 0.49017007587535233 , q7 , 1 , 2 , minute
0.5813360214233398 , 0.04051620388274956 , q7 , 1 , 2 , hour
9.956049919128418 , 2.950604470116899 , q7 , 1 , 2 , day
50.10669231414795 , 2.9540009675370102 , q7 , 1 , 2 , week
0.3592967987060547 , 0.18810310940502892 , q7 , 1 , 4 , minute
1.305079460144043 , 0.2665877827609226 , q7 , 1 , 4 , hour
20.73361873626709 , 4.146784396258277 , q7 , 1 , 4 , day
103.79903316497803 , 4.580884756424993 , q7 , 1 , 4 , week
0.43792724609375 , 0.14853478753675117 , q7 , 1 , 6 , minute
1.3149261474609375 , 0.1121244496474769 , q7 , 1 , 6 , hour
29.663753509521484 , 3.1913958647387037 , q7 , 1 , 6 , day
154.9877405166626 , 3.16574672633707 , q7 , 1 , 6 , week
0.469207763671875 , 0.1522707043195417 , q7 , 1 , 8 , minute
1.9733905792236328 , 1.2456832029424838 , q7 , 1 , 8 , hour
38.43193054199219 , 5.800596981327082 , q7 , 1 , 8 , day
208.08169841766357 , 5.447668072077122 , q7 , 1 , 8 , week
0.5779504776000977 , 0.2177624646273865 , q7 , 1 , 10 , minute
2.0398616790771484 , 0.12167400195203035 , q7 , 1 , 10 , hour
49.66576099395752 , 4.9065784436862385 , q7 , 1 , 10 , day
255.03294467926025 , 2.01755665452318 , q7 , 1 , 10 , week
0.27124881744384766 , 0.1084576019094124 , q7 , 20 , 2 , minute
0.5623102188110352 , 0.0411754170459775 , q7 , 20 , 2 , hour
9.20722484588623 , 0.26488206257387964 , q7 , 20 , 2 , day
49.75593090057373 , 2.8773623750654913 , q7 , 20 , 2 , week
0.33206939697265625 , 0.14991272893333465 , q7 , 20 , 4 , minute
0.9830474853515625 , 0.11403066560092487 , q7 , 20 , 4 , hour
18.622398376464844 , 1.855197775526054 , q7 , 20 , 4 , day
100.87912082672119 , 3.512581349368577 , q7 , 20 , 4 , week
0.38230419158935547 , 0.1637361663607413 , q7 , 20 , 6 , minute
1.3478279113769531 , 0.12208623707731242 , q7 , 20 , 6 , hour
29.137873649597168 , 2.879461276594323 , q7 , 20 , 6 , day
154.9903154373169 , 3.0023246277257547 , q7 , 20 , 6 , week
0.5106210708618164 , 0.2203918685647123 , q7 , 20 , 8 , minute
1.5543222427368164 , 0.10944922199283462 , q7 , 20 , 8 , hour
38.70871067047119 , 3.7833541009010707 , q7 , 20 , 8 , day
210.40499210357666 , 7.218186775841342 , q7 , 20 , 8 , week
0.5886077880859375 , 0.3636134213684181 , q7 , 20 , 10 , minute
2.04164981842041 , 0.12951940670575657 , q7 , 20 , 10 , hour
41.71621799468994 , 3.7768024072672426 , q7 , 20 , 10 , day
253.97393703460693 , 6.136322885587804 , q7 , 20 , 10 , week
0.2492666244506836 , 0.08524502473859173 , q7 , 40 , 2 , minute
0.6304740905761719 , 0.11140899938768559 , q7 , 40 , 2 , hour
8.09016227722168 , 0.31630841525002795 , q7 , 40 , 2 , day
47.06897735595703 , 0.9136283336458861 , q7 , 40 , 2 , week
0.31981468200683594 , 0.12947815277275923 , q7 , 40 , 4 , minute
0.9619712829589844 , 0.11175262046053168 , q7 , 40 , 4 , hour
19.484996795654297 , 3.4045776953471765 , q7 , 40 , 4 , day
96.95367813110352 , 3.1149146807047075 , q7 , 40 , 4 , week
0.3925323486328125 , 0.15326905864466392 , q7 , 40 , 6 , minute
1.3556718826293945 , 0.13910231823042166 , q7 , 40 , 6 , hour
23.967790603637695 , 2.9338736215269914 , q7 , 40 , 6 , day
150.0361204147339 , 2.3831343410533 , q7 , 40 , 6 , week
0.4592418670654297 , 0.15631334930128418 , q7 , 40 , 8 , minute
1.6582727432250977 , 0.13260855991560153 , q7 , 40 , 8 , hour
32.132697105407715 , 2.564099691983296 , q7 , 40 , 8 , day
200.24688243865967 , 3.418454612786621 , q7 , 40 , 8 , week
0.5197048187255859 , 0.2437285757890997 , q7 , 40 , 10 , minute
2.055978775024414 , 0.10899668374901618 , q7 , 40 , 10 , hour
45.30935287475586 , 4.573483635922841 , q7 , 40 , 10 , day
255.57851791381836 , 5.443558183884685 , q7 , 40 , 10 , week
0.2506732940673828 , 0.061811924232279776 , q7 , 60 , 2 , minute
0.5991697311401367 , 0.10337659315640116 , q7 , 60 , 2 , hour
9.348654747009277 , 0.5547978358518237 , q7 , 60 , 2 , day
49.234795570373535 , 3.1100921100943153 , q7 , 60 , 2 , week
0.2882242202758789 , 0.10284134735147754 , q7 , 60 , 4 , minute
1.1288166046142578 , 0.3733191410372636 , q7 , 60 , 4 , hour
19.48840618133545 , 4.226225345506654 , q7 , 60 , 4 , day
102.76327133178711 , 2.6481117228650026 , q7 , 60 , 4 , week
0.4256248474121094 , 0.1324147015483653 , q7 , 60 , 6 , minute
1.3511180877685547 , 0.1010053462493239 , q7 , 60 , 6 , hour
30.60741424560547 , 4.121316858668592 , q7 , 60 , 6 , day
155.2422285079956 , 5.9685673784933915 , q7 , 60 , 6 , week
0.4176616668701172 , 0.09998474130440739 , q7 , 60 , 8 , minute
1.790761947631836 , 0.24259998714325604 , q7 , 60 , 8 , hour
37.422823905944824 , 4.567124715503106 , q7 , 60 , 8 , day
209.40475463867188 , 7.6514275586354294 , q7 , 60 , 8 , week
0.4821300506591797 , 0.12775705531542259 , q7 , 60 , 10 , minute
1.9559383392333984 , 0.08263517482061122 , q7 , 60 , 10 , hour
49.353861808776855 , 1.9280460266598018 , q7 , 60 , 10 , day
257.6510190963745 , 6.981984002829339 , q7 , 60 , 10 , week
0.2694845199584961 , 0.13353493557228868 , q7 , 80 , 2 , minute
0.6963014602661133 , 0.14110053184337149 , q7 , 80 , 2 , hour
9.25295352935791 , 0.24439608894387158 , q7 , 80 , 2 , day
47.36301898956299 , 0.9489241651668606 , q7 , 80 , 2 , week
0.41687488555908203 , 0.09666711271217589 , q7 , 80 , 4 , minute
0.9993791580200195 , 0.11745868471307434 , q7 , 80 , 4 , hour
18.712258338928223 , 1.9067995368815116 , q7 , 80 , 4 , day
100.50520896911621 , 2.14135490813471 , q7 , 80 , 4 , week
0.4445075988769531 , 0.07404680433094223 , q7 , 80 , 6 , minute
1.373291015625 , 0.15042514053600262 , q7 , 80 , 6 , hour
30.165576934814453 , 3.4596908689369448 , q7 , 80 , 6 , day
153.5886287689209 , 3.7668986916636387 , q7 , 80 , 6 , week
0.5230426788330078 , 0.07125439275524639 , q7 , 80 , 8 , minute
1.6768693923950195 , 0.12854749427995701 , q7 , 80 , 8 , hour
36.90657615661621 , 2.3465695767192503 , q7 , 80 , 8 , day
205.11348247528076 , 4.187265401478855 , q7 , 80 , 8 , week
0.5830764770507812 , 0.12172929288480547 , q7 , 80 , 10 , minute
1.9692182540893555 , 0.13959670790538697 , q7 , 80 , 10 , hour
49.619364738464355 , 2.4576728230223606 , q7 , 80 , 10 , day
258.35726261138916 , 5.855249829861628 , q7 , 80 , 10 , week
0.28929710388183594 , 0.0623711792679451 , q7 , 100 , 2 , minute
0.7251501083374023 , 0.14695480545398845 , q7 , 100 , 2 , hour
9.42833423614502 , 0.5905304844372465 , q7 , 100 , 2 , day
47.99017906188965 , 0.9940296228994392 , q7 , 100 , 2 , week
0.4320859909057617 , 0.19412306431567258 , q7 , 100 , 4 , minute
1.0515451431274414 , 0.1505859601436055 , q7 , 100 , 4 , hour
19.139409065246582 , 2.390991781065066 , q7 , 100 , 4 , day
102.06174850463867 , 1.8149037800898795 , q7 , 100 , 4 , week
0.4855632781982422 , 0.13991847321543013 , q7 , 100 , 6 , minute
1.3003349304199219 , 0.0916772399797724 , q7 , 100 , 6 , hour
30.518269538879395 , 3.8702241654628984 , q7 , 100 , 6 , day
157.67159461975098 , 3.638737663288775 , q7 , 100 , 6 , week
0.5171060562133789 , 0.10851508706730932 , q7 , 100 , 8 , minute
1.6916275024414062 , 0.14167774503205127 , q7 , 100 , 8 , hour
37.00144290924072 , 2.4885438726872056 , q7 , 100 , 8 , day
207.63311386108398 , 5.746287952783177 , q7 , 100 , 8 , week
0.6192445755004883 , 0.16153390206246218 , q7 , 100 , 10 , minute
1.9473552703857422 , 0.10588456342788803 , q7 , 100 , 10 , hour
48.285865783691406 , 0.8178148995530015 , q7 , 100 , 10 , day
259.1968536376953 , 5.261337276751856 , q7 , 100 , 10 , week
39379.78069782257 , 2083.1293084453328 , q5 , 80 , 2 , month
92545.03818920681 , 26242.173748163474 , q5 , 80 , 4 , month
134292.352778571 , 26753.038232427774 , q5 , 80 , 6 , month
1.085066795349121 , 2.684184866519727 , q2 , 1 , 2 , minute
0.3954887390136719 , 0.3362897753436461 , q2 , 1 , 2 , hour
2.1664857864379883 , 1.7440459317909203 , q2 , 1 , 2 , day
9.042763710021973 , 11.66277489185892 , q2 , 1 , 2 , week
41.70944690704346 , 44.57280863490733 , q2 , 1 , 2 , month
0.5581855773925781 , 1.1615894697294955 , q2 , 1 , 4 , minute
0.5265951156616211 , 0.4210496115229047 , q2 , 1 , 4 , hour
3.2482147216796875 , 2.7632452681318593 , q2 , 1 , 4 , day
16.30077362060547 , 18.68476492686054 , q2 , 1 , 4 , week
79.05144691467285 , 82.74367640925458 , q2 , 1 , 4 , month
1.0081052780151367 , 1.9609091177874267 , q2 , 1 , 6 , minute
0.47588348388671875 , 0.05038278452398159 , q2 , 1 , 6 , hour
5.033278465270996 , 5.566948171176015 , q2 , 1 , 6 , day
27.79514789581299 , 23.476789307507325 , q2 , 1 , 6 , week
105.1783561706543 , 84.87252082134562 , q2 , 1 , 6 , month
1.0033845901489258 , 2.1095034089189233 , q2 , 1 , 8 , minute
0.7783412933349609 , 0.8811221736516636 , q2 , 1 , 8 , hour
6.423354148864746 , 6.816572796206828 , q2 , 1 , 8 , day
8.584046363830566 , 6.179690313318894 , q2 , 1 , 8 , week
6.115436553955078 , 0.9830113443759969 , q2 , 1 , 8 , month
1.3145685195922852 , 2.895427727089057 , q2 , 1 , 10 , minute
0.8187770843505859 , 0.03646129578334662 , q2 , 1 , 10 , hour
8.381080627441406 , 7.952251632030301 , q2 , 1 , 10 , day
46.94874286651611 , 49.88286867490781 , q2 , 1 , 10 , week
173.64723682403564 , 157.48969297098367 , q2 , 1 , 10 , month
1.3715267181396484 , 3.0492879497444383 , q2 , 20 , 2 , minute
2.265167236328125 , 4.721759774254953 , q2 , 20 , 2 , hour
11.389923095703125 , 16.502950759040267 , q2 , 20 , 2 , day
89.56043720245361 , 118.4856624055938 , q2 , 20 , 2 , week
332.9468011856079 , 445.4393049461317 , q2 , 20 , 2 , month
0.7137537002563477 , 0.11221185334129745 , q2 , 20 , 4 , minute
4.786062240600586 , 10.709528374496125 , q2 , 20 , 4 , hour
20.80390453338623 , 33.052978712204066 , q2 , 20 , 4 , day
147.63569831848145 , 228.54273023968662 , q2 , 20 , 4 , week
322.7713346481323 , 450.78983738916446 , q2 , 20 , 4 , month
2.8821229934692383 , 6.546258919396686 , q2 , 20 , 6 , minute
5.28569221496582 , 11.017343765013988 , q2 , 20 , 6 , hour
37.224555015563965 , 62.86684282679026 , q2 , 20 , 6 , day
201.9066333770752 , 298.60730012117466 , q2 , 20 , 6 , week
1013.2372856140137 , 1170.8491943980544 , q2 , 20 , 6 , month
1.8687009811401367 , 3.6051553092376403 , q2 , 20 , 8 , minute
10.14852523803711 , 25.508167185703677 , q2 , 20 , 8 , hour
45.584750175476074 , 63.92763002108767 , q2 , 20 , 8 , day
261.18295192718506 , 388.74842068017256 , q2 , 20 , 8 , week
948.3941793441772 , 1400.8697640408848 , q2 , 20 , 8 , month
4.215645790100098 , 9.916250191878746 , q2 , 20 , 10 , minute
9.5412015914917 , 21.354507163734336 , q2 , 20 , 10 , hour
49.92096424102783 , 66.00483600591659 , q2 , 20 , 10 , day
304.085373878479 , 414.54086659941095 , q2 , 20 , 10 , week
681.997013092041 , 807.9059303277185 , q2 , 20 , 10 , month
1.3422489166259766 , 2.065070941849801 , q2 , 40 , 2 , minute
2.7605772018432617 , 3.846660111333734 , q2 , 40 , 2 , hour
15.313410758972168 , 16.093273308216595 , q2 , 40 , 2 , day
98.94039630889893 , 86.28345426918303 , q2 , 40 , 2 , week
478.04832458496094 , 381.5277735295397 , q2 , 40 , 2 , month
2.6106834411621094 , 4.01230104833741 , q2 , 40 , 4 , minute
3.7894248962402344 , 5.826240939679446 , q2 , 40 , 4 , hour
33.47949981689453 , 36.48425068761127 , q2 , 40 , 4 , day
186.3086223602295 , 168.58971505611993 , q2 , 40 , 4 , week
908.179783821106 , 373.42595634002686 , q2 , 40 , 4 , month
1.506948471069336 , 0.5576699777485475 , q2 , 40 , 6 , minute
4.784417152404785 , 5.950227561542188 , q2 , 40 , 6 , hour
34.398484230041504 , 11.063527841164644 , q2 , 40 , 6 , day
208.0754041671753 , 94.3356194753359 , q2 , 40 , 6 , week
500.0754117965698 , 210.2072880071562 , q2 , 40 , 6 , month
2.090597152709961 , 1.7158041188184703 , q2 , 40 , 8 , minute
5.875802040100098 , 8.083161985198416 , q2 , 40 , 8 , hour
48.57022762298584 , 24.005217742070325 , q2 , 40 , 8 , day
293.9518928527832 , 136.52529477360468 , q2 , 40 , 8 , week
662.7566576004028 , 173.45086390423867 , q2 , 40 , 8 , month
2.887582778930664 , 3.018816588480034 , q2 , 40 , 10 , minute
13.499140739440918 , 28.715842035725267 , q2 , 40 , 10 , hour
104.24344539642334 , 166.63064708195483 , q2 , 40 , 10 , day
656.0828924179077 , 1034.6588850130693 , q2 , 40 , 10 , week
3009.176802635193 , 2716.142023883229 , q2 , 40 , 10 , month
1.633000373840332 , 1.438660054541861 , q2 , 60 , 2 , minute
1.8068313598632812 , 1.1521817776483432 , q2 , 60 , 2 , hour
15.242767333984375 , 3.629314464013035 , q2 , 60 , 2 , day
27.786922454833984 , 4.003091412024804 , q2 , 60 , 2 , week
27.458620071411133 , 2.1266243098400475 , q2 , 60 , 2 , month
2.1396636962890625 , 2.428134112575075 , q2 , 60 , 4 , minute
3.2207489013671875 , 1.9018142854509903 , q2 , 60 , 4 , hour
34.136223793029785 , 8.032037473900738 , q2 , 60 , 4 , day
201.3788938522339 , 38.851450411393294 , q2 , 60 , 4 , week
827.7451992034912 , 74.05123224155446 , q2 , 60 , 4 , month
2.478671073913574 , 2.995370466794028 , q2 , 60 , 6 , minute
5.765223503112793 , 5.342095044655858 , q2 , 60 , 6 , hour
50.585103034973145 , 19.7702935771474 , q2 , 60 , 6 , day
330.6750297546387 , 90.31461582806821 , q2 , 60 , 6 , week
1423.7033367156982 , 158.70654126143768 , q2 , 60 , 6 , month
2.207517623901367 , 0.901036128363202 , q2 , 60 , 8 , minute
8.798861503601074 , 8.857297743506765 , q2 , 60 , 8 , hour
63.66088390350342 , 18.718134873725948 , q2 , 60 , 8 , day
426.6493797302246 , 110.59174691089011 , q2 , 60 , 8 , week
1795.8757638931274 , 272.33597647055404 , q2 , 60 , 8 , month
4.514408111572266 , 5.759315898740207 , q2 , 60 , 10 , minute
10.534524917602539 , 14.201942559473222 , q2 , 60 , 10 , hour
100.14066696166992 , 70.6425119276217 , q2 , 60 , 10 , day
610.0778818130493 , 361.1124424607091 , q2 , 60 , 10 , week
2893.0376291275024 , 752.2145871041112 , q2 , 60 , 10 , month
1.683354377746582 , 0.9160436493028412 , q2 , 80 , 2 , minute
2.2150278091430664 , 0.4165182092104163 , q2 , 80 , 2 , hour
21.68443202972412 , 2.073141306304497 , q2 , 80 , 2 , day
129.65571880340576 , 5.9667129626511874 , q2 , 80 , 2 , week
494.48678493499756 , 28.758981240580326 , q2 , 80 , 2 , month
2.405571937561035 , 1.2434781889577962 , q2 , 80 , 4 , minute
3.8103818893432617 , 0.966783078462974 , q2 , 80 , 4 , hour
39.36445713043213 , 2.1794396058241525 , q2 , 80 , 4 , day
100.9974479675293 , 3.011632489921767 , q2 , 80 , 4 , week
99.77302551269531 , 2.682645651987027 , q2 , 80 , 4 , month
2.805471420288086 , 1.2697388270207584 , q2 , 80 , 6 , minute
6.676959991455078 , 4.690261981815964 , q2 , 80 , 6 , hour
71.77064418792725 , 37.116969028283556 , q2 , 80 , 6 , day
419.1312789916992 , 102.86825605211531 , q2 , 80 , 6 , week
2212.437629699707 , 229.8739554392301 , q2 , 80 , 6 , month
4.1671037673950195 , 4.342305296312537 , q2 , 80 , 8 , minute
7.402586936950684 , 2.6302414152447753 , q2 , 80 , 8 , hour
82.00302124023438 , 6.65920410787686 , q2 , 80 , 8 , day
508.8522434234619 , 52.19488982480026 , q2 , 80 , 8 , week
2241.7181968688965 , 51.75559099870482 , q2 , 80 , 8 , month
3.9190292358398438 , 2.432645321805404 , q2 , 80 , 10 , minute
10.050034523010254 , 7.872135331353452 , q2 , 80 , 10 , hour
101.21884346008301 , 13.733415230191175 , q2 , 80 , 10 , day
711.8147134780884 , 202.50132520837937 , q2 , 80 , 10 , week
1095.1744079589844 , 253.43467935271852 , q2 , 80 , 10 , month
1.8470048904418945 , 0.8131662340471113 , q2 , 100 , 2 , minute
3.051424026489258 , 0.8709416241660943 , q2 , 100 , 2 , hour
28.14044952392578 , 2.313859343579474 , q2 , 100 , 2 , day
162.2079610824585 , 14.201786254477835 , q2 , 100 , 2 , week
788.8754367828369 , 31.53960577666045 , q2 , 100 , 2 , month
4.408717155456543 , 5.805370649437969 , q2 , 100 , 4 , minute
14.118766784667969 , 28.227248481441613 , q2 , 100 , 4 , hour
89.9684190750122 , 121.97973751741274 , q2 , 100 , 4 , day
573.061990737915 , 799.022644942391 , q2 , 100 , 4 , week
1969.3701028823853 , 673.0796989649007 , q2 , 100 , 4 , month
3.5442352294921875 , 1.191477257387965 , q2 , 100 , 6 , minute
13.70859146118164 , 18.56992301253078 , q2 , 100 , 6 , hour
96.40665054321289 , 64.61549487861913 , q2 , 100 , 6 , day
596.4213371276855 , 407.2656894121761 , q2 , 100 , 6 , week
3162.2204303741455 , 286.6767551166496 , q2 , 100 , 6 , month
4.224562644958496 , 1.855720685369096 , q2 , 100 , 8 , minute
9.71536636352539 , 3.5063598511484146 , q2 , 100 , 8 , hour
103.84197235107422 , 7.0453716377461975 , q2 , 100 , 8 , day
704.080080986023 , 68.06292733240421 , q2 , 100 , 8 , week
4276.729249954224 , 63.49601370720536 , q2 , 100 , 8 , month
3.3725500106811523 , 1.2706095072670345 , q2 , 100 , 10 , minute
14.003205299377441 , 9.488950304254852 , q2 , 100 , 10 , hour
122.66008853912354 , 12.705509716654198 , q2 , 100 , 10 , day
829.8529863357544 , 34.01493665694197 , q2 , 100 , 10 , week
1613.6917352676392 , 64.70372778710701 , q2 , 100 , 10 , month
