3.049159049987793 , 3.539390430481507 , q1 , 1 , 2 , minute
7.409167289733887 , 3.9547904418491906 , q1 , 1 , 2 , hour
35.28304100036621 , 11.26531276596556 , q1 , 1 , 2 , day
188.42284679412842 , 23.004755299686305 , q1 , 1 , 2 , week
724.6843338012695 , 48.59041874560691 , q1 , 1 , 2 , month
2.123284339904785 , 2.8206292135542173 , q1 , 1 , 4 , minute
3.7479400634765625 , 0.8421316444034749 , q1 , 1 , 4 , hour
66.2036657333374 , 16.852875588259284 , q1 , 1 , 4 , day
332.87928104400635 , 26.215963234576602 , q1 , 1 , 4 , week
1401.3333320617676 , 40.60617924901262 , q1 , 1 , 4 , month
1.206827163696289 , 0.48491886234844006 , q1 , 1 , 6 , minute
3.7271738052368164 , 0.7902860325397427 , q1 , 1 , 6 , hour
107.85214900970459 , 25.063710839395508 , q1 , 1 , 6 , day
502.7759075164795 , 38.641597638522036 , q1 , 1 , 6 , week
2096.5242624282837 , 58.57297580757242 , q1 , 1 , 6 , month
1.4864206314086914 , 1.1399372534716732 , q1 , 1 , 8 , minute
4.870080947875977 , 0.8708733308450805 , q1 , 1 , 8 , hour
120.03083229064941 , 22.95344336347974 , q1 , 1 , 8 , day
680.6466341018677 , 43.85371280693015 , q1 , 1 , 8 , week
2799.3094205856323 , 102.94925205541654 , q1 , 1 , 8 , month
1.2651443481445312 , 0.42518699200212057 , q1 , 1 , 10 , minute
5.498719215393066 , 0.8178663778926509 , q1 , 1 , 10 , hour
125.8995771408081 , 11.73074137536631 , q1 , 1 , 10 , day
836.5865707397461 , 40.587465469760055 , q1 , 1 , 10 , week
3518.200635910034 , 118.37214861811134 , q1 , 1 , 10 , month
1.4459609985351562 , 0.5779618335408856 , q1 , 20 , 2 , minute
7.141780853271484 , 1.1197400917496714 , q1 , 20 , 2 , hour
158.9130401611328 , 14.038745431656277 , q1 , 20 , 2 , day
1004.2335748672485 , 29.25413214513633 , q1 , 20 , 2 , week
4319.26281452179 , 109.27062968950048 , q1 , 20 , 2 , month
1.515364646911621 , 0.6194412262677473 , q1 , 20 , 4 , minute
13.502717018127441 , 3.3246364994372586 , q1 , 20 , 4 , hour
309.5878839492798 , 25.372390378010785 , q1 , 20 , 4 , day
2016.0089015960693 , 78.44153521543242 , q1 , 20 , 4 , week
8588.207173347473 , 153.03200044390468 , q1 , 20 , 4 , month
1.5591859817504883 , 0.6237503430791556 , q1 , 20 , 6 , minute
21.77107334136963 , 4.91542333182022 , q1 , 20 , 6 , hour
451.0143995285034 , 26.274046474848138 , q1 , 20 , 6 , day
3001.1059761047363 , 92.9125726497475 , q1 , 20 , 6 , week
12803.069853782654 , 201.01464837783863 , q1 , 20 , 6 , month
1.8005609512329102 , 0.7703257060315305 , q1 , 20 , 8 , minute
27.13901996612549 , 4.2258064866811145 , q1 , 20 , 8 , hour
573.9506721496582 , 24.75795596746537 , q1 , 20 , 8 , day
3983.8637828826904 , 111.24559907271285 , q1 , 20 , 8 , week
16993.02339553833 , 479.815627203427 , q1 , 20 , 8 , month
2.3716211318969727 , 2.1841222184422087 , q1 , 20 , 10 , minute
34.84327793121338 , 4.3043916540966904 , q1 , 20 , 10 , hour
713.0522966384888 , 16.71541623980728 , q1 , 20 , 10 , day
4950.972962379456 , 132.26372376638025 , q1 , 20 , 10 , week
21234.962821006775 , 532.3619678835969 , q1 , 20 , 10 , month
1.413130760192871 , 0.6501305492566027 , q1 , 40 , 2 , minute
12.286186218261719 , 2.880225222997922 , q1 , 40 , 2 , hour
322.2909688949585 , 15.78983130024166 , q1 , 40 , 2 , day
2128.294014930725 , 56.70104490162035 , q1 , 40 , 2 , week
9170.881366729736 , 226.8775900588012 , q1 , 40 , 2 , month
1.6376495361328125 , 0.6796812499296946 , q1 , 40 , 4 , minute
26.35929584503174 , 2.510214339120054 , q1 , 40 , 4 , hour
619.0994262695312 , 37.74713516546116 , q1 , 40 , 4 , day
3988.649845123291 , 128.48316326844693 , q1 , 40 , 4 , week
17201.08757019043 , 480.9343024902088 , q1 , 40 , 4 , month
1.8796205520629883 , 0.9329108150048265 , q1 , 40 , 6 , minute
36.18357181549072 , 3.520703608515057 , q1 , 40 , 6 , hour
864.3081903457642 , 37.57715737223208 , q1 , 40 , 6 , day
5868.669891357422 , 199.54709148125738 , q1 , 40 , 6 , week
25082.90657401085 , 758.6544424697082 , q1 , 40 , 6 , month
2.4535655975341797 , 1.4502209093109664 , q1 , 40 , 8 , minute
52.310895919799805 , 6.968646862329043 , q1 , 40 , 8 , hour
1129.0094375610352 , 55.12592785828581 , q1 , 40 , 8 , day
7651.962184906006 , 190.29149324565833 , q1 , 40 , 8 , week
33041.11307007926 , 1031.419776442588 , q1 , 40 , 8 , month
2.782297134399414 , 0.8803513031114385 , q1 , 40 , 10 , minute
80.35995960235596 , 8.034774326454064 , q1 , 40 , 10 , hour
1397.0107078552246 , 51.24197229802578 , q1 , 40 , 10 , day
9548.86384010315 , 272.69054934535706 , q1 , 40 , 10 , week
41112.8682749612 , 1182.1116079034882 , q1 , 40 , 10 , month
1.7624139785766602 , 0.8683176970625416 , q1 , 60 , 2 , minute
21.877670288085938 , 3.6194531288377343 , q1 , 60 , 2 , hour
456.21564388275146 , 16.729506623240212 , q1 , 60 , 2 , day
3123.4602451324463 , 87.23928913385672 , q1 , 60 , 2 , week
13381.730890274048 , 310.95508291458526 , q1 , 60 , 2 , month
2.1109580993652344 , 0.751850720010305 , q1 , 60 , 4 , minute
44.24998760223389 , 13.101945458034276 , q1 , 60 , 4 , hour
863.6690855026245 , 27.899076399203597 , q1 , 60 , 4 , day
6003.507328033447 , 172.97258849067484 , q1 , 60 , 4 , week
25587.3866379261 , 738.9980933294725 , q1 , 60 , 4 , month
2.1154403686523438 , 0.35702298897663953 , q1 , 60 , 6 , minute
63.935160636901855 , 16.983062751174025 , q1 , 60 , 6 , hour
1256.2403202056885 , 67.21039738096661 , q1 , 60 , 6 , day
8689.555668830872 , 287.61645813849964 , q1 , 60 , 6 , week
37441.610268184115 , 1168.7860064455726 , q1 , 60 , 6 , month
12.148022651672363 , 21.123201102310837 , q1 , 60 , 8 , minute
102.91416645050049 , 19.22922798468794 , q1 , 60 , 8 , hour
1628.2208919525146 , 55.54851546118179 , q1 , 60 , 8 , day
11443.559265136719 , 277.80478401558076 , q1 , 60 , 8 , week
49195.197105407715 , 1542.12995711963 , q1 , 60 , 8 , month
11.410236358642578 , 23.33138517341152 , q1 , 60 , 10 , minute
115.31686782836914 , 20.582971097033973 , q1 , 60 , 10 , hour
2025.045895576477 , 71.46893456609627 , q1 , 60 , 10 , day
14365.802431106567 , 400.1558332072478 , q1 , 60 , 10 , week
61093.299286706104 , 1694.7497373333138 , q1 , 60 , 10 , month
1.7104387283325195 , 0.8783010134322918 , q1 , 80 , 2 , minute
26.559925079345703 , 3.2200412380413437 , q1 , 80 , 2 , hour
604.6375274658203 , 34.42708267956473 , q1 , 80 , 2 , day
4063.9113187789917 , 118.15554459355793 , q1 , 80 , 2 , week
17712.73241043091 , 430.2120359528052 , q1 , 80 , 2 , month
2.788209915161133 , 0.9809020646815888 , q1 , 80 , 4 , minute
51.03960037231445 , 6.962517150643129 , q1 , 80 , 4 , hour
1111.5958452224731 , 34.739595548820944 , q1 , 80 , 4 , day
7758.252334594727 , 174.89667626779018 , q1 , 80 , 4 , week
33474.489825112476 , 1018.2963788723359 , q1 , 80 , 4 , month
2.7188539505004883 , 0.8534607020813448 , q1 , 80 , 6 , minute
104.90717887878418 , 19.16196215783093 , q1 , 80 , 6 , hour
1639.6198987960815 , 61.570706985446655 , q1 , 80 , 6 , day
11618.819999694824 , 323.089599816879 , q1 , 80 , 6 , week
49126.26467432295 , 1456.6519980712942 , q1 , 80 , 6 , month
3.4009218215942383 , 1.092823114381408 , q1 , 80 , 8 , minute
115.25983810424805 , 11.754813120650933 , q1 , 80 , 8 , hour
2155.678606033325 , 67.10140182832141 , q1 , 80 , 8 , day
15122.24714756012 , 384.717582448703 , q1 , 80 , 8 , week
64446.437392916 , 1852.5486854369185 , q1 , 80 , 8 , month
3.906726837158203 , 1.56463604118398 , q1 , 80 , 10 , minute
148.5525608062744 , 24.963122584822088 , q1 , 80 , 10 , hour
2643.5479164123535 , 79.68648581555884 , q1 , 80 , 10 , day
18784.982657432556 , 435.2187587566833 , q1 , 80 , 10 , week
79851.19026047843 , 2435.6552008630056 , q1 , 80 , 10 , month
1.9188880920410156 , 0.8199780069000862 , q1 , 100 , 2 , minute
34.153079986572266 , 4.867506215135931 , q1 , 100 , 2 , hour
740.2331113815308 , 25.625072094509086 , q1 , 100 , 2 , day
5018.939423561096 , 130.24428880434297 , q1 , 100 , 2 , week
22107.257962226868 , 534.9573450959675 , q1 , 100 , 2 , month
2.041029930114746 , 0.39018369073393794 , q1 , 100 , 4 , minute
102.06484794616699 , 19.451825670440073 , q1 , 100 , 4 , hour
1364.7030591964722 , 47.67082882258264 , q1 , 100 , 4 , day
9687.728071212769 , 245.99389544251403 , q1 , 100 , 4 , week
41778.1879901886 , 1249.6076838802967 , q1 , 100 , 4 , month
2.915477752685547 , 1.0261324170193435 , q1 , 100 , 6 , minute
112.86633014678955 , 22.399773585157977 , q1 , 100 , 6 , hour
2023.5495567321777 , 91.66881332955968 , q1 , 100 , 6 , day
14364.273047447205 , 343.9531802441043 , q1 , 100 , 6 , week
61077.22003119333 , 1850.4803355521756 , q1 , 100 , 6 , month
5.828356742858887 , 1.0360221015312043 , q1 , 100 , 8 , minute
127.7789831161499 , 8.453071356810455 , q1 , 100 , 8 , hour
2680.3924798965454 , 103.14398146149622 , q1 , 100 , 8 , day
18817.31197834015 , 480.77972300590983 , q1 , 100 , 8 , week
80328.03794315884 , 2485.42695437349 , q1 , 100 , 8 , month
4.698324203491211 , 1.2762954527117119 , q1 , 100 , 10 , minute
160.28990745544434 , 23.369004427408186 , q1 , 100 , 10 , hour
3298.9508867263794 , 81.41299354545235 , q1 , 100 , 10 , day
23443.415774239435 , 666.6457415921235 , q1 , 100 , 10 , week
99375.49730709622 , 2963.346964613286 , q1 , 100 , 10 , month
1.35498046875 , 2.117232100840954 , q2 , 1 , 2 , minute
0.9347677230834961 , 0.06940661546360904 , q2 , 1 , 2 , hour
4.78520393371582 , 3.5621330834628955 , q2 , 1 , 2 , day
15.96226692199707 , 1.1934937045708185 , q2 , 1 , 2 , week
63.40527534484863 , 16.921928144650224 , q2 , 1 , 2 , month
0.5162954330444336 , 0.14512598293568643 , q2 , 1 , 4 , minute
0.6510496139526367 , 0.04155116697178836 , q2 , 1 , 4 , hour
3.9652347564697266 , 0.15384961226789456 , q2 , 1 , 4 , day
26.674294471740723 , 1.9004596818594177 , q2 , 1 , 4 , week
124.6419906616211 , 10.122495458100394 , q2 , 1 , 4 , month
0.5201339721679688 , 0.16898547215357043 , q2 , 1 , 6 , minute
0.7188320159912109 , 0.03730605360416946 , q2 , 1 , 6 , hour
6.6471099853515625 , 1.2879087997452259 , q2 , 1 , 6 , day
39.16921615600586 , 3.0040236986901285 , q2 , 1 , 6 , week
169.59590911865234 , 16.802426005905975 , q2 , 1 , 6 , month
0.9519815444946289 , 0.5490776420115866 , q2 , 1 , 8 , minute
1.0683059692382812 , 0.05814446455320293 , q2 , 1 , 8 , hour
6.993579864501953 , 1.2123983865897219 , q2 , 1 , 8 , day
48.39913845062256 , 2.6768825862481944 , q2 , 1 , 8 , week
211.60457134246826 , 9.17388364845411 , q2 , 1 , 8 , month
1.2355566024780273 , 1.5345800934073384 , q2 , 1 , 10 , minute
0.8980274200439453 , 0.04725517987240141 , q2 , 1 , 10 , hour
8.446407318115234 , 1.05912941814692 , q2 , 1 , 10 , day
102.17289924621582 , 29.428555201612355 , q2 , 1 , 10 , week
248.58324527740479 , 9.57418587827972 , q2 , 1 , 10 , month
0.7738590240478516 , 0.10196803349517623 , q2 , 20 , 2 , minute
1.0152101516723633 , 0.0730870761849963 , q2 , 20 , 2 , hour
8.413386344909668 , 1.4666827986543232 , q2 , 20 , 2 , day
81.81073665618896 , 12.74926703475992 , q2 , 20 , 2 , week
298.88274669647217 , 7.134285829087575 , q2 , 20 , 2 , month
0.8516788482666016 , 0.31247632530375596 , q2 , 20 , 4 , minute
1.4922618865966797 , 0.2501575626220919 , q2 , 20 , 4 , hour
18.310070037841797 , 2.6966870835491403 , q2 , 20 , 4 , day
150.52833557128906 , 12.338010389393052 , q2 , 20 , 4 , week
595.4269409179688 , 28.288663124786098 , q2 , 20 , 4 , month
1.053023338317871 , 0.1776162071244697 , q2 , 20 , 6 , minute
1.6272306442260742 , 0.11198498354284916 , q2 , 20 , 6 , hour
28.223347663879395 , 5.936586039712173 , q2 , 20 , 6 , day
210.65540313720703 , 12.907376729355287 , q2 , 20 , 6 , week
816.1755561828613 , 27.08273142894668 , q2 , 20 , 6 , month
0.9272336959838867 , 0.46606154327694166 , q2 , 20 , 8 , minute
2.9754638671875 , 0.6712560480618 , q2 , 20 , 8 , hour
41.79577827453613 , 10.089372280822332 , q2 , 20 , 8 , day
260.14769077301025 , 21.064460539082102 , q2 , 20 , 8 , week
1044.8559761047363 , 38.331654025221496 , q2 , 20 , 8 , month
0.8805274963378906 , 0.38042242276046095 , q2 , 20 , 10 , minute
2.7306318283081055 , 0.07845412018627672 , q2 , 20 , 10 , hour
50.592803955078125 , 16.519790904147303 , q2 , 20 , 10 , day
320.98050117492676 , 22.500554706153714 , q2 , 20 , 10 , week
1295.6669092178345 , 44.47831317018629 , q2 , 20 , 10 , month
0.7193803787231445 , 0.12288868790884286 , q2 , 40 , 2 , minute
1.3001441955566406 , 0.07495590945320611 , q2 , 40 , 2 , hour
17.74880886077881 , 2.651739831858121 , q2 , 40 , 2 , day
156.56111240386963 , 22.421403805097142 , q2 , 40 , 2 , week
561.7923021316528 , 40.24030362228742 , q2 , 40 , 2 , month
0.7247686386108398 , 0.14630335935151326 , q2 , 40 , 4 , minute
2.2977590560913086 , 0.2222178899572521 , q2 , 40 , 4 , hour
35.294318199157715 , 4.0973498321301385 , q2 , 40 , 4 , day
261.96348667144775 , 17.293474875707467 , q2 , 40 , 4 , week
1031.4070463180542 , 35.10056936336392 , q2 , 40 , 4 , month
0.8156776428222656 , 0.28669877480755895 , q2 , 40 , 6 , minute
3.30808162689209 , 0.5628656011305144 , q2 , 40 , 6 , hour
49.69608783721924 , 2.602268980895302 , q2 , 40 , 6 , day
399.17120933532715 , 28.123074119120542 , q2 , 40 , 6 , week
1527.6992321014404 , 48.61182095547036 , q2 , 40 , 6 , month
1.0472297668457031 , 0.37404181847364876 , q2 , 40 , 8 , minute
4.135942459106445 , 0.5767182220421243 , q2 , 40 , 8 , hour
108.9611291885376 , 31.822194053846957 , q2 , 40 , 8 , day
479.4598579406738 , 15.899134176756071 , q2 , 40 , 8 , week
2010.0929260253906 , 59.3167497494355 , q2 , 40 , 8 , month
0.868988037109375 , 0.20612866290419893 , q2 , 40 , 10 , minute
4.098320007324219 , 0.23328822288393355 , q2 , 40 , 10 , hour
110.77065467834473 , 18.90617632041912 , q2 , 40 , 10 , day
590.617299079895 , 31.16915774521534 , q2 , 40 , 10 , week
2481.011390686035 , 64.67154391082832 , q2 , 40 , 10 , month
1.1571884155273438 , 0.41541232639639014 , q2 , 60 , 2 , minute
1.8356800079345703 , 0.08101954609588083 , q2 , 60 , 2 , hour
26.57179832458496 , 3.9489752198926467 , q2 , 60 , 2 , day
204.30047512054443 , 24.48461639054551 , q2 , 60 , 2 , week
793.1244850158691 , 32.58173377217226 , q2 , 60 , 2 , month
1.026320457458496 , 0.19790146514864837 , q2 , 60 , 4 , minute
2.751922607421875 , 0.1575664118826312 , q2 , 60 , 4 , hour
51.926207542419434 , 5.752714811663076 , q2 , 60 , 4 , day
399.95903968811035 , 34.29892290314623 , q2 , 60 , 4 , week
1499.6696710586548 , 35.32346655238824 , q2 , 60 , 4 , month
1.0542869567871094 , 0.20312429638855625 , q2 , 60 , 6 , minute
4.195165634155273 , 0.24897746780089378 , q2 , 60 , 6 , hour
111.68704032897949 , 18.36690906763569 , q2 , 60 , 6 , day
531.3145637512207 , 10.419638839856267 , q2 , 60 , 6 , week
2204.4495820999146 , 54.321149605782175 , q2 , 60 , 6 , month
1.7527341842651367 , 0.5522350777559771 , q2 , 60 , 8 , minute
4.953360557556152 , 1.3304173462731144 , q2 , 60 , 8 , hour
126.98187828063965 , 27.75563094022083 , q2 , 60 , 8 , day
699.8221397399902 , 26.685512516940662 , q2 , 60 , 8 , week
2932.015013694763 , 107.40999241262524 , q2 , 60 , 8 , month
1.2044191360473633 , 0.3354467797132003 , q2 , 60 , 10 , minute
6.116771697998047 , 0.7173672538633784 , q2 , 60 , 10 , hour
150.7251262664795 , 18.910717136617496 , q2 , 60 , 10 , day
858.9991569519043 , 29.702648501238066 , q2 , 60 , 10 , week
3615.4789686203003 , 84.9249144968396 , q2 , 60 , 10 , month
1.3312339782714844 , 0.48396057726043357 , q2 , 80 , 2 , minute
2.23691463470459 , 0.456466357653672 , q2 , 80 , 2 , hour
34.45422649383545 , 4.706288208745156 , q2 , 80 , 2 , day
257.4841499328613 , 13.549812235405899 , q2 , 80 , 2 , week
999.4181394577026 , 27.91808565357394 , q2 , 80 , 2 , month
1.5429258346557617 , 0.6048464637618942 , q2 , 80 , 4 , minute
3.902745246887207 , 0.8845405547580718 , q2 , 80 , 4 , hour
74.24895763397217 , 12.005537465226519 , q2 , 80 , 4 , day
462.9376411437988 , 18.41627114700723 , q2 , 80 , 4 , week
1938.026237487793 , 58.8689076834274 , q2 , 80 , 4 , month
1.0703325271606445 , 0.2437210412330683 , q2 , 80 , 6 , minute
4.388737678527832 , 0.8564151492066778 , q2 , 80 , 6 , hour
122.88470268249512 , 26.42886428903987 , q2 , 80 , 6 , day
689.867353439331 , 33.37429785733209 , q2 , 80 , 6 , week
2870.0251817703247 , 62.22938746475026 , q2 , 80 , 6 , month
1.4370441436767578 , 0.6746947379640694 , q2 , 80 , 8 , minute
7.251524925231934 , 0.9857915481480649 , q2 , 80 , 8 , hour
185.8093500137329 , 32.15298431578906 , q2 , 80 , 8 , day
907.4708938598633 , 30.03803561381304 , q2 , 80 , 8 , week
3795.0244188308716 , 88.27863906448194 , q2 , 80 , 8 , month
1.5957355499267578 , 0.79847100771233 , q2 , 80 , 10 , minute
8.295845985412598 , 1.5516806584674467 , q2 , 80 , 10 , hour
200.17297267913818 , 20.981742325717974 , q2 , 80 , 10 , day
1114.2928838729858 , 40.15150879316066 , q2 , 80 , 10 , week
4726.947808265686 , 94.24722486428361 , q2 , 80 , 10 , month
1.4425277709960938 , 0.5795196807563333 , q2 , 100 , 2 , minute
3.518366813659668 , 0.7209718827221183 , q2 , 100 , 2 , hour
44.04764175415039 , 4.140694148739966 , q2 , 100 , 2 , day
306.5669536590576 , 17.581088596957315 , q2 , 100 , 2 , week
1233.3557605743408 , 28.6086807090055 , q2 , 100 , 2 , month
1.193857192993164 , 0.13754252822528007 , q2 , 100 , 4 , minute
3.874969482421875 , 0.2019542443983549 , q2 , 100 , 4 , hour
114.1772985458374 , 18.47514307795686 , q2 , 100 , 4 , day
585.4650497436523 , 30.183346034529087 , q2 , 100 , 4 , week
2416.5719747543335 , 53.491001731777025 , q2 , 100 , 4 , month
1.4426946640014648 , 0.5689288396371078 , q2 , 100 , 6 , minute
5.234885215759277 , 0.24071819013082027 , q2 , 100 , 6 , hour
142.67334938049316 , 16.10265239539593 , q2 , 100 , 6 , day
835.1841449737549 , 28.992124367285466 , q2 , 100 , 6 , week
3549.6729850769043 , 76.47882878034595 , q2 , 100 , 6 , month
1.4869451522827148 , 0.3722690128369952 , q2 , 100 , 8 , minute
7.233762741088867 , 1.0471218185483548 , q2 , 100 , 8 , hour
200.5859613418579 , 20.82958215193167 , q2 , 100 , 8 , day
1120.7566022872925 , 41.03419360477459 , q2 , 100 , 8 , week
4717.339754104614 , 121.08420924801516 , q2 , 100 , 8 , month
1.7413616180419922 , 0.8244159671976118 , q2 , 100 , 10 , minute
8.504796028137207 , 2.0790016129974997 , q2 , 100 , 10 , hour
218.82593631744385 , 13.877069242801165 , q2 , 100 , 10 , day
1358.1106901168823 , 53.15879720907516 , q2 , 100 , 10 , week
5858.796668052673 , 128.2150086709944 , q2 , 100 , 10 , month
27.71153450012207 , 3.6753687475599617 , q3 , 1 , 2 , minute
27.147817611694336 , 0.7405168296111964 , q3 , 1 , 2 , hour
31.493210792541504 , 3.2406261790319584 , q3 , 1 , 2 , day
36.14926338195801 , 0.2867497077382175 , q3 , 1 , 2 , week
64.06042575836182 , 2.1353297060259457 , q3 , 1 , 2 , month
26.491713523864746 , 0.5050942480131811 , q3 , 1 , 4 , minute
26.715087890625 , 0.4078590643579838 , q3 , 1 , 4 , hour
29.50122356414795 , 0.5142329870409706 , q3 , 1 , 4 , day
44.20609474182129 , 0.8432314806580485 , q3 , 1 , 4 , week
100.2561092376709 , 3.189587806848189 , q3 , 1 , 4 , month
26.36098861694336 , 0.39633466520014515 , q3 , 1 , 6 , minute
26.7305850982666 , 0.487627888486591 , q3 , 1 , 6 , hour
30.79226016998291 , 0.5167204507500233 , q3 , 1 , 6 , day
52.17928886413574 , 0.6711378100478627 , q3 , 1 , 6 , week
133.76073837280273 , 2.730338220834227 , q3 , 1 , 6 , month
26.932287216186523 , 0.44373763268981825 , q3 , 1 , 8 , minute
27.472949028015137 , 0.5076066173340793 , q3 , 1 , 8 , hour
32.47039318084717 , 0.4974969412090836 , q3 , 1 , 8 , day
60.463833808898926 , 1.0661489787673237 , q3 , 1 , 8 , week
168.32692623138428 , 1.5072403622830601 , q3 , 1 , 8 , month
26.510214805603027 , 0.5359625671345487 , q3 , 1 , 10 , minute
26.891446113586426 , 0.4629522182918776 , q3 , 1 , 10 , hour
33.49621295928955 , 0.553048953194068 , q3 , 1 , 10 , day
69.04816627502441 , 1.942484191445145 , q3 , 1 , 10 , week
203.14998626708984 , 4.705441323695083 , q3 , 1 , 10 , month
26.843905448913574 , 0.3188846341545352 , q3 , 20 , 2 , minute
26.94265842437744 , 0.5013218674648221 , q3 , 20 , 2 , hour
34.239983558654785 , 0.520931973487503 , q3 , 20 , 2 , day
86.25960350036621 , 0.7367199764075617 , q3 , 20 , 2 , week
269.0770626068115 , 1.2884954423951542 , q3 , 20 , 2 , month
26.810741424560547 , 0.5589791051273504 , q3 , 20 , 4 , minute
27.364563941955566 , 0.48135861605052344 , q3 , 20 , 4 , hour
41.62447452545166 , 0.5380501953927012 , q3 , 20 , 4 , day
134.86158847808838 , 0.825647354713839 , q3 , 20 , 4 , week
504.83388900756836 , 4.337898628128403 , q3 , 20 , 4 , month
26.53367519378662 , 0.4643271734347756 , q3 , 20 , 6 , minute
27.624225616455078 , 0.5010387752921367 , q3 , 20 , 6 , hour
48.578643798828125 , 0.499281271885744 , q3 , 20 , 6 , day
195.7162857055664 , 4.046263649895492 , q3 , 20 , 6 , week
751.789402961731 , 5.495935668044077 , q3 , 20 , 6 , month
26.357316970825195 , 0.344080225518571 , q3 , 20 , 8 , minute
27.94671058654785 , 0.4599738354728759 , q3 , 20 , 8 , hour
55.44276237487793 , 0.5600962517059341 , q3 , 20 , 8 , day
232.25886821746826 , 1.0570686655116375 , q3 , 20 , 8 , week
953.6229133605957 , 3.7231637093207715 , q3 , 20 , 8 , month
26.65574550628662 , 0.4819888672146515 , q3 , 20 , 10 , minute
28.371047973632812 , 0.49630027527761195 , q3 , 20 , 10 , hour
62.27896213531494 , 0.39291834253162183 , q3 , 20 , 10 , day
286.8994474411011 , 1.6795498079894147 , q3 , 20 , 10 , week
1197.5945234298706 , 6.600231662363068 , q3 , 20 , 10 , month
26.081442832946777 , 0.3130726412609637 , q3 , 40 , 2 , minute
27.490997314453125 , 0.4391070357266759 , q3 , 40 , 2 , hour
79.75335121154785 , 1.3993168907414004 , q3 , 40 , 2 , day
400.0955104827881 , 3.7964636073509133 , q3 , 40 , 2 , week
1566.3596391677856 , 20.190752505113483 , q3 , 40 , 2 , month
26.200127601623535 , 0.3291562469123934 , q3 , 40 , 4 , minute
28.64084243774414 , 0.3971669215508 , q3 , 40 , 4 , hour
116.44058227539062 , 0.6050224265201799 , q3 , 40 , 4 , day
694.2516803741455 , 6.264951367629296 , q3 , 40 , 4 , week
3023.7510442733765 , 47.14974293236552 , q3 , 40 , 4 , month
26.682233810424805 , 0.3630146458370015 , q3 , 40 , 6 , minute
29.84623908996582 , 0.29648246484445656 , q3 , 40 , 6 , hour
163.66848945617676 , 5.5748198983391 , q3 , 40 , 6 , day
1062.6880645751953 , 3.5382480218780605 , q3 , 40 , 6 , week
4370.3842878341675 , 33.846969935998054 , q3 , 40 , 6 , month
27.062463760375977 , 0.17281507379856004 , q3 , 40 , 8 , minute
30.936813354492188 , 0.42514355525801245 , q3 , 40 , 8 , hour
203.80241870880127 , 0.8028562586247908 , q3 , 40 , 8 , day
1425.4676818847656 , 3.869369204584599 , q3 , 40 , 8 , week
5954.562401771545 , 18.704479129944897 , q3 , 40 , 8 , month
26.59618854522705 , 0.27808749991845316 , q3 , 40 , 10 , minute
31.35530948638916 , 0.42958671941382526 , q3 , 40 , 10 , hour
238.907790184021 , 1.3605989789936315 , q3 , 40 , 10 , day
1631.1487913131714 , 7.477865800330225 , q3 , 40 , 10 , week
7487.173771858215 , 31.426716472515306 , q3 , 40 , 10 , month
26.783323287963867 , 0.3829470842407418 , q3 , 60 , 2 , minute
28.86803150177002 , 0.4927856540142306 , q3 , 60 , 2 , hour
102.72283554077148 , 0.473711108984776 , q3 , 60 , 2 , day
561.3686323165894 , 6.13250239766943 , q3 , 60 , 2 , week
2256.7137718200684 , 20.18850658263041 , q3 , 60 , 2 , month
26.737213134765625 , 0.3733705489108152 , q3 , 60 , 4 , minute
30.357837677001953 , 0.3927537952039352 , q3 , 60 , 4 , hour
167.26937294006348 , 1.1326003560132505 , q3 , 60 , 4 , day
1025.4227876663208 , 7.301739915979268 , q3 , 60 , 4 , week
4393.170928955078 , 22.08299959027633 , q3 , 60 , 4 , month
27.1298885345459 , 0.5216406847353914 , q3 , 60 , 6 , minute
31.794357299804688 , 0.41721364841500735 , q3 , 60 , 6 , hour
241.11230373382568 , 0.816460656251619 , q3 , 60 , 6 , day
1540.4274940490723 , 9.291337488730846 , q3 , 60 , 6 , week
6563.653016090393 , 18.889887662365958 , q3 , 60 , 6 , month
27.835988998413086 , 0.45320778040693316 , q3 , 60 , 8 , minute
33.273887634277344 , 0.5240995564553357 , q3 , 60 , 8 , hour
311.1473321914673 , 1.0826393805941463 , q3 , 60 , 8 , day
2056.277012825012 , 10.923583034477941 , q3 , 60 , 8 , week
8734.18276309967 , 38.283614599001126 , q3 , 60 , 8 , month
27.42142677307129 , 0.31806360589335164 , q3 , 60 , 10 , minute
34.256672859191895 , 0.4428755359807822 , q3 , 60 , 10 , hour
374.2013216018677 , 1.2692312598827151 , q3 , 60 , 10 , day
2510.4390621185303 , 9.882139841702324 , q3 , 60 , 10 , week
10937.095022201538 , 54.70103017915947 , q3 , 60 , 10 , month
26.81272029876709 , 0.3065176825133622 , q3 , 80 , 2 , minute
29.966354370117188 , 0.40008363079051745 , q3 , 80 , 2 , hour
125.71902275085449 , 0.7993360459207232 , q3 , 80 , 2 , day
717.8478717803955 , 7.232910858761693 , q3 , 80 , 2 , week
2965.7474040985107 , 19.27813675016106 , q3 , 80 , 2 , month
27.524280548095703 , 0.3200609522629232 , q3 , 80 , 4 , minute
32.20992088317871 , 0.5108080799768624 , q3 , 80 , 4 , hour
221.50237560272217 , 1.1067775475666537 , q3 , 80 , 4 , day
1385.429859161377 , 11.073834155665729 , q3 , 80 , 4 , week
5731.465649604797 , 29.859253645262392 , q3 , 80 , 4 , month
27.475905418395996 , 0.313910010398221 , q3 , 80 , 6 , minute
33.629512786865234 , 0.443783524783828 , q3 , 80 , 6 , hour
320.52576541900635 , 0.6262688690139839 , q3 , 80 , 6 , day
2051.5307426452637 , 11.923062612111137 , q3 , 80 , 6 , week
8842.75131225586 , 28.16932166533677 , q3 , 80 , 6 , month
27.98748016357422 , 0.2959505912615598 , q3 , 80 , 8 , minute
35.53135395050049 , 0.3852634739307729 , q3 , 80 , 8 , hour
421.06361389160156 , 6.136386283530013 , q3 , 80 , 8 , day
2774.052119255066 , 12.19058122288048 , q3 , 80 , 8 , week
11800.447368621826 , 32.56061782052147 , q3 , 80 , 8 , month
28.78406047821045 , 0.4091663164710263 , q3 , 80 , 10 , minute
37.575459480285645 , 0.4629420952702332 , q3 , 80 , 10 , hour
504.7088623046875 , 3.3381888859662756 , q3 , 80 , 10 , day
3360.6475353240967 , 12.694002076032863 , q3 , 80 , 10 , week
14220.007157325745 , 50.898589508939665 , q3 , 80 , 10 , month
27.320194244384766 , 0.35081482212664206 , q3 , 100 , 2 , minute
31.00447654724121 , 0.3132795896328367 , q3 , 100 , 2 , hour
152.229905128479 , 7.0886758054216195 , q3 , 100 , 2 , day
882.4610710144043 , 5.2859206936569505 , q3 , 100 , 2 , week
3718.647027015686 , 26.182212496763544 , q3 , 100 , 2 , month
27.493596076965332 , 0.32255127546336565 , q3 , 100 , 4 , minute
33.067965507507324 , 0.4085789368593225 , q3 , 100 , 4 , hour
224.9105453491211 , 0.6855344982380372 , q3 , 100 , 4 , day
1698.3543395996094 , 12.51084401069092 , q3 , 100 , 4 , week
7654.859185218811 , 47.465676571754194 , q3 , 100 , 4 , month
27.786946296691895 , 0.20147915284919152 , q3 , 100 , 6 , minute
35.056519508361816 , 0.39895187256534526 , q3 , 100 , 6 , hour
322.30799198150635 , 1.1853413499734897 , q3 , 100 , 6 , day
2528.292655944824 , 15.049746819144431 , q3 , 100 , 6 , week
11363.169145584106 , 80.46721741466828 , q3 , 100 , 6 , month
28.694438934326172 , 0.3017045538804347 , q3 , 100 , 8 , minute
37.989068031311035 , 0.3221903646659772 , q3 , 100 , 8 , hour
522.3874092102051 , 1.2449018298497163 , q3 , 100 , 8 , day
3476.2948751449585 , 12.38852655377684 , q3 , 100 , 8 , week
14716.299843788147 , 66.11716224715543 , q3 , 100 , 8 , month
29.63576316833496 , 0.2421270337324626 , q3 , 100 , 10 , minute
40.87252616882324 , 0.5643271662664627 , q3 , 100 , 10 , hour
637.4444723129272 , 1.3448304350171352 , q3 , 100 , 10 , day
4279.293632507324 , 16.881216316872543 , q3 , 100 , 10 , week
18056.79519176483 , 52.076367651766624 , q3 , 100 , 10 , month
31.770610809326172 , 2.164652817882858 , q4 , 1 , 2 , minute
31.534528732299805 , 0.49015787022548 , q4 , 1 , 2 , hour
156.87475204467773 , 1.8065910141916375 , q4 , 1 , 2 , day
929.8139333724976 , 8.461109464586583 , q4 , 1 , 2 , week
3889.6018743515015 , 34.93601998907101 , q4 , 1 , 2 , month
31.038618087768555 , 0.5323708525986174 , q4 , 1 , 4 , minute
31.522107124328613 , 0.5274172256431353 , q4 , 1 , 4 , hour
159.84995365142822 , 6.394941252941302 , q4 , 1 , 4 , day
942.5435781478882 , 9.076620871174125 , q4 , 1 , 4 , week
3953.0712366104126 , 43.152902995204386 , q4 , 1 , 4 , month
31.014633178710938 , 0.4354836694180209 , q4 , 1 , 6 , minute
31.807279586791992 , 0.5166414191876633 , q4 , 1 , 6 , hour
160.64386367797852 , 1.3507499002995487 , q4 , 1 , 6 , day
956.8124055862427 , 6.633239870216588 , q4 , 1 , 6 , week
4018.938159942627 , 34.456808697074685 , q4 , 1 , 6 , month
31.814885139465332 , 0.3235295325546768 , q4 , 1 , 8 , minute
32.69658088684082 , 0.5251743744316038 , q4 , 1 , 8 , hour
162.92593479156494 , 1.2801811172685842 , q4 , 1 , 8 , day
975.1194715499878 , 7.667577435678207 , q4 , 1 , 8 , week
4087.717294692993 , 36.1203294215508 , q4 , 1 , 8 , month
30.974197387695312 , 0.3579271406544896 , q4 , 1 , 10 , minute
32.42347240447998 , 1.6717846293949803 , q4 , 1 , 10 , hour
164.32363986968994 , 1.152087295544864 , q4 , 1 , 10 , day
991.2868022918701 , 10.108929694307538 , q4 , 1 , 10 , week
4154.29425239563 , 30.591349331216275 , q4 , 1 , 10 , month
31.232714653015137 , 0.4389414788857718 , q4 , 20 , 2 , minute
31.590676307678223 , 0.48476538920345064 , q4 , 20 , 2 , hour
163.20104598999023 , 1.2048824710364383 , q4 , 20 , 2 , day
991.3022041320801 , 7.708977689314463 , q4 , 20 , 2 , week
4140.181279182434 , 16.371272859828228 , q4 , 20 , 2 , month
51.71856880187988 , 65.07378947299777 , q4 , 20 , 4 , minute
32.233595848083496 , 0.42578907937296195 , q4 , 20 , 4 , hour
172.00517654418945 , 0.6535602330255856 , q4 , 20 , 4 , day
1041.884207725525 , 4.559206520178321 , q4 , 20 , 4 , week
4409.043121337891 , 40.75464744464984 , q4 , 20 , 4 , month
30.96928596496582 , 0.27948208717859796 , q4 , 20 , 6 , minute
33.26582908630371 , 2.1374719246693887 , q4 , 20 , 6 , hour
181.93585872650146 , 1.9499738473092907 , q4 , 20 , 6 , day
1123.8150835037231 , 17.308177603358637 , q4 , 20 , 6 , week
4683.633494377136 , 30.132607271411437 , q4 , 20 , 6 , month
32.001423835754395 , 1.260453570507659 , q4 , 20 , 8 , minute
33.286118507385254 , 0.3461515091151722 , q4 , 20 , 8 , hour
190.33281803131104 , 0.9895813315315554 , q4 , 20 , 8 , day
1163.3604049682617 , 2.055046504379487 , q4 , 20 , 8 , week
4932.952427864075 , 21.115263993281186 , q4 , 20 , 8 , month
33.54980945587158 , 2.971760135804908 , q4 , 20 , 10 , minute
38.01774978637695 , 7.24082039491982 , q4 , 20 , 10 , hour
202.445650100708 , 3.5359840098911675 , q4 , 20 , 10 , day
1219.7783470153809 , 6.73656996918374 , q4 , 20 , 10 , week
5195.644903182983 , 41.91260722329059 , q4 , 20 , 10 , month
31.46345615386963 , 0.9871943783121423 , q4 , 40 , 2 , minute
32.66031742095947 , 0.3930402577566031 , q4 , 40 , 2 , hour
191.23737812042236 , 0.8406566301275732 , q4 , 40 , 2 , day
1188.3432388305664 , 8.00594858065975 , q4 , 40 , 2 , week
5031.0545444488525 , 21.320707499632306 , q4 , 40 , 2 , month
31.41162395477295 , 0.20116012412521847 , q4 , 40 , 4 , minute
33.97653102874756 , 0.3553017884154055 , q4 , 40 , 4 , hour
212.48397827148438 , 0.34945750345631155 , q4 , 40 , 4 , day
1315.8187866210938 , 5.44282393197814 , q4 , 40 , 4 , week
5552.0511865615845 , 12.317455576158215 , q4 , 40 , 4 , month
32.380080223083496 , 1.354559958295082 , q4 , 40 , 6 , minute
35.60903072357178 , 0.6890381124503522 , q4 , 40 , 6 , hour
230.15968799591064 , 0.8308208764868606 , q4 , 40 , 6 , day
1440.8892393112183 , 7.7556811145511535 , q4 , 40 , 6 , week
6062.0877504348755 , 31.28157965902528 , q4 , 40 , 6 , month
32.41124153137207 , 0.4616484252801974 , q4 , 40 , 8 , minute
35.46416759490967 , 0.5778241408710308 , q4 , 40 , 8 , hour
249.23622608184814 , 0.5832257038649569 , q4 , 40 , 8 , day
1551.953911781311 , 6.515794034070586 , q4 , 40 , 8 , week
6542.5514459609985 , 25.14058596875781 , q4 , 40 , 8 , month
32.430362701416016 , 1.2358644486535169 , q4 , 40 , 10 , minute
36.23764514923096 , 0.4576130080690987 , q4 , 40 , 10 , hour
265.38496017456055 , 1.22888670845509 , q4 , 40 , 10 , day
1711.1462593078613 , 16.891009209974083 , q4 , 40 , 10 , week
7022.2161293029785 , 19.371148444763257 , q4 , 40 , 10 , month
32.20467567443848 , 0.7043273284163984 , q4 , 60 , 2 , minute
34.08682346343994 , 0.33860087355333124 , q4 , 60 , 2 , hour
210.15286445617676 , 0.4618003143473579 , q4 , 60 , 2 , day
1314.303207397461 , 7.739823852566387 , q4 , 60 , 2 , week
5512.181830406189 , 26.657529420448814 , q4 , 60 , 2 , month
32.299208641052246 , 1.2704369086557639 , q4 , 60 , 4 , minute
35.33201217651367 , 0.311012988646793 , q4 , 60 , 4 , hour
242.6990032196045 , 0.9234345313037201 , q4 , 60 , 4 , day
1523.2179880142212 , 5.820170731209103 , q4 , 60 , 4 , week
6450.5550146102905 , 22.050094110782926 , q4 , 60 , 4 , month
32.51967430114746 , 1.1805187822483427 , q4 , 60 , 6 , minute
37.026000022888184 , 0.6597101111294069 , q4 , 60 , 6 , hour
269.8157072067261 , 0.9213388296382463 , q4 , 60 , 6 , day
1706.4234972000122 , 20.471617371452375 , q4 , 60 , 6 , week
7169.163227081299 , 32.75570936982331 , q4 , 60 , 6 , month
32.90247917175293 , 0.6931728427691614 , q4 , 60 , 8 , minute
37.79792785644531 , 0.29769597630310973 , q4 , 60 , 8 , hour
299.71373081207275 , 4.4033793656381945 , q4 , 60 , 8 , day
1924.4869947433472 , 25.14026081364848 , q4 , 60 , 8 , week
8029.048728942871 , 31.306298791924 , q4 , 60 , 8 , month
32.67378807067871 , 0.21822543409554226 , q4 , 60 , 10 , minute
39.19832706451416 , 0.32606584204888905 , q4 , 60 , 10 , hour
326.1328458786011 , 1.557559866173223 , q4 , 60 , 10 , day
2111.412215232849 , 22.66439722873304 , q4 , 60 , 10 , week
8815.95299243927 , 29.606955041734544 , q4 , 60 , 10 , month
32.1253776550293 , 0.6584507307193707 , q4 , 80 , 2 , minute
34.68632698059082 , 0.23261661234087996 , q4 , 80 , 2 , hour
226.464581489563 , 0.7501118942396886 , q4 , 80 , 2 , day
1420.128083229065 , 2.5561668049486093 , q4 , 80 , 2 , week
6136.020946502686 , 27.40291552400984 , q4 , 80 , 2 , month
32.87522792816162 , 0.7030974277587705 , q4 , 80 , 4 , minute
37.36999034881592 , 0.27810281195670805 , q4 , 80 , 4 , hour
273.97146224975586 , 0.5331026301692905 , q4 , 80 , 4 , day
1730.5721521377563 , 6.212980670414818 , q4 , 80 , 4 , week
7309.673070907593 , 37.477982765449774 , q4 , 80 , 4 , month
32.95423984527588 , 1.1632555297913754 , q4 , 80 , 6 , minute
38.74390125274658 , 0.3713323092967434 , q4 , 80 , 6 , hour
313.82837295532227 , 2.6400109807375505 , q4 , 80 , 6 , day
2020.0005531311035 , 23.75281194518651 , q4 , 80 , 6 , week
8534.814858436584 , 277.63592731807597 , q4 , 80 , 6 , month
33.53006839752197 , 0.9282249499687599 , q4 , 80 , 8 , minute
40.642380714416504 , 0.28828806420333053 , q4 , 80 , 8 , hour
360.35425662994385 , 16.76980015850794 , q4 , 80 , 8 , day
2305.833148956299 , 19.287817834134444 , q4 , 80 , 8 , week
9521.325874328613 , 33.267882153047964 , q4 , 80 , 8 , month
34.1862678527832 , 0.8852017628175487 , q4 , 80 , 10 , minute
42.76473522186279 , 0.44668642595397684 , q4 , 80 , 10 , hour
389.3219470977783 , 1.4762990473591135 , q4 , 80 , 10 , day
2522.944450378418 , 17.63041662453301 , q4 , 80 , 10 , week
10632.890486717224 , 33.93319743652502 , q4 , 80 , 10 , month
32.72373676300049 , 1.1951424114060867 , q4 , 100 , 2 , minute
36.08503341674805 , 0.3158661421051869 , q4 , 100 , 2 , hour
246.03912830352783 , 0.7033926949862886 , q4 , 100 , 2 , day
1551.3503789901733 , 5.441709953391474 , q4 , 100 , 2 , week
6715.130686759949 , 38.15212381774409 , q4 , 100 , 2 , month
32.98745155334473 , 0.9891742602299897 , q4 , 100 , 4 , minute
38.03236484527588 , 0.2438086945923862 , q4 , 100 , 4 , hour
292.9018974304199 , 0.34687311782842145 , q4 , 100 , 4 , day
1949.0277528762817 , 15.476872749887233 , q4 , 100 , 4 , week
8211.033344268799 , 29.63592591538516 , q4 , 100 , 4 , month
33.10084342956543 , 0.5594540602299611 , q4 , 100 , 6 , minute
40.329599380493164 , 0.3148949420350962 , q4 , 100 , 6 , hour
344.2578077316284 , 7.997235354464578 , q4 , 100 , 6 , day
2290.1652336120605 , 30.18838817297404 , q4 , 100 , 6 , week
9644.69223022461 , 29.333556856914868 , q4 , 100 , 6 , month
33.88991355895996 , 0.9368680520214206 , q4 , 100 , 8 , minute
43.13337802886963 , 0.1903559394430252 , q4 , 100 , 8 , hour
403.6306619644165 , 1.4274609413923423 , q4 , 100 , 8 , day
2635.037398338318 , 15.8380015849015 , q4 , 100 , 8 , week
11016.822600364685 , 15.872487114918872 , q4 , 100 , 8 , month
35.03408432006836 , 1.1944307883863259 , q4 , 100 , 10 , minute
46.04208469390869 , 0.33146572583288547 , q4 , 100 , 10 , hour
450.801944732666 , 2.180660992493648 , q4 , 100 , 10 , day
2995.992851257324 , 26.096764373885122 , q4 , 100 , 10 , week
12473.16918373108 , 24.755285470120302 , q4 , 100 , 10 , month
53.48639488220215 , 3.3832288451520416 , q5 , 1 , 2 , minute
57.914066314697266 , 2.9450654847875675 , q5 , 1 , 2 , hour
131.28743171691895 , 18.361903195574737 , q5 , 1 , 2 , day
516.8997287750244 , 11.630607274935572 , q5 , 1 , 2 , week
2010.2564096450806 , 74.79814323721176 , q5 , 1 , 2 , month
50.36919116973877 , 1.2035874809516058 , q5 , 1 , 4 , minute
58.66706371307373 , 1.9266323017495577 , q5 , 1 , 4 , hour
208.07597637176514 , 19.690860154175837 , q5 , 1 , 4 , day
956.3868045806885 , 47.52165300322627 , q5 , 1 , 4 , week
4057.6616287231445 , 95.77724915468268 , q5 , 1 , 4 , month
50.3375768661499 , 0.7892758263350578 , q5 , 1 , 6 , minute
63.67087364196777 , 3.2786938422354606 , q5 , 1 , 6 , hour
249.2741823196411 , 18.230316651986843 , q5 , 1 , 6 , day
1424.2997646331787 , 77.53928511049571 , q5 , 1 , 6 , week
6358.8489055633545 , 143.86331583103672 , q5 , 1 , 6 , month
51.49669647216797 , 1.0941085992847601 , q5 , 1 , 8 , minute
67.28637218475342 , 4.254646307203293 , q5 , 1 , 8 , hour
300.3136157989502 , 13.579108340268764 , q5 , 1 , 8 , day
1844.7763681411743 , 70.8820877570557 , q5 , 1 , 8 , week
8479.064011573792 , 176.82109179834293 , q5 , 1 , 8 , month
50.65140724182129 , 1.2868814442453773 , q5 , 1 , 10 , minute
69.48878765106201 , 1.4958463753872284 , q5 , 1 , 10 , hour
384.7461462020874 , 34.04502189258369 , q5 , 1 , 10 , day
2279.6358346939087 , 108.69982057905305 , q5 , 1 , 10 , week
11067.285108566284 , 200.805556310393 , q5 , 1 , 10 , month
50.45332908630371 , 0.8714639631105753 , q5 , 20 , 2 , minute
71.7050552368164 , 2.8085030005294223 , q5 , 20 , 2 , hour
406.5984010696411 , 28.16170228518269 , q5 , 20 , 2 , day
2383.243227005005 , 74.74396585407541 , q5 , 20 , 2 , week
10332.217454910278 , 176.46883794787192 , q5 , 20 , 2 , month
50.96385478973389 , 0.7151322121272771 , q5 , 20 , 4 , minute
87.05179691314697 , 10.238591787497766 , q5 , 20 , 4 , hour
723.1334686279297 , 17.447376636561557 , q5 , 20 , 4 , day
4709.7524881362915 , 100.37697247843916 , q5 , 20 , 4 , week
20518.224501609802 , 412.5079555257525 , q5 , 20 , 4 , month
52.681708335876465 , 4.646364558186912 , q5 , 20 , 6 , minute
99.14860725402832 , 11.43268929721331 , q5 , 20 , 6 , hour
1041.658616065979 , 34.934274756834604 , q5 , 20 , 6 , day
6965.821027755737 , 150.87687342628192 , q5 , 20 , 6 , week
30603.433745247978 , 871.6902302246317 , q5 , 20 , 6 , month
53.88205051422119 , 6.264469184753519 , q5 , 20 , 8 , minute
120.75178623199463 , 19.822705673660092 , q5 , 20 , 8 , hour
1352.293038368225 , 48.767831329463654 , q5 , 20 , 8 , day
9267.871451377869 , 221.14635759025995 , q5 , 20 , 8 , week
40721.21160370963 , 1195.226579484988 , q5 , 20 , 8 , month
53.0719518661499 , 1.3655653033342137 , q5 , 20 , 10 , minute
152.52461433410645 , 16.06734399805175 , q5 , 20 , 10 , hour
1685.2868556976318 , 59.004142093245584 , q5 , 20 , 10 , day
11636.912369728088 , 356.6861357602796 , q5 , 20 , 10 , week
52626.126085008895 , 2192.0159263011615 , q5 , 20 , 10 , month
54.416847229003906 , 2.6002025206686024 , q5 , 40 , 2 , minute
84.68284606933594 , 1.7655939781355665 , q5 , 40 , 2 , hour
710.8805656433105 , 28.692272666373785 , q5 , 40 , 2 , day
4429.250168800354 , 108.64083661718472 , q5 , 40 , 2 , week
18996.797585487366 , 416.5801444766567 , q5 , 40 , 2 , month
52.58164405822754 , 0.2940448812160726 , q5 , 40 , 4 , minute
105.50751686096191 , 2.363706106834227 , q5 , 40 , 4 , hour
1296.4243650436401 , 34.53512832829263 , q5 , 40 , 4 , day
8663.756585121155 , 193.79627853091122 , q5 , 40 , 4 , week
37926.158496311735 , 1242.6893919349613 , q5 , 40 , 4 , month
54.442572593688965 , 3.3203839324529887 , q5 , 40 , 6 , minute
148.5163688659668 , 16.309978513318782 , q5 , 40 , 6 , hour
1907.8765869140625 , 60.2923694696196 , q5 , 40 , 6 , day
12976.590633392334 , 319.4171626931728 , q5 , 40 , 6 , week
56673.990113394604 , 1706.6739275346488 , q5 , 40 , 6 , month
54.787278175354004 , 2.928463784611928 , q5 , 40 , 8 , minute
195.64189910888672 , 23.584365125196697 , q5 , 40 , 8 , hour
2487.4810695648193 , 87.55569795952358 , q5 , 40 , 8 , day
17308.626651763916 , 454.42255677380274 , q5 , 40 , 8 , week
75118.14563614981 , 2169.955655518935 , q5 , 40 , 8 , month
54.392051696777344 , 1.7345234791038155 , q5 , 40 , 10 , minute
206.18174076080322 , 16.003489307383205 , q5 , 40 , 10 , hour
3123.732018470764 , 102.66899544353684 , q5 , 40 , 10 , day
21539.72375392914 , 492.86933254213693 , q5 , 40 , 10 , week
142352.48218263898 , 111278.3430087343 , q5 , 40 , 10 , month
80.45430183410645 , 62.25756410869883 , q5 , 60 , 2 , minute
106.60274028778076 , 14.003509581158347 , q5 , 60 , 2 , hour
1055.5445671081543 , 139.57918091057982 , q5 , 60 , 2 , day
6480.228304862976 , 77.59403568306654 , q5 , 60 , 2 , week
27754.60034608841 , 567.8944621277072 , q5 , 60 , 2 , month
60.59713363647461 , 8.687710883690427 , q5 , 60 , 4 , minute
156.0943365097046 , 17.087167059906623 , q5 , 60 , 4 , hour
1845.2305316925049 , 31.80728135766483 , q5 , 60 , 4 , day
12620.213103294373 , 301.1669006929998 , q5 , 60 , 4 , week
54024.33092253549 , 1342.3616175908278 , q5 , 60 , 4 , month
57.013869285583496 , 4.716230611438129 , q5 , 60 , 6 , minute
206.06615543365479 , 18.063541057969925 , q5 , 60 , 6 , hour
2716.2270069122314 , 63.879488484387245 , q5 , 60 , 6 , day
18895.293021202087 , 468.9281976869273 , q5 , 60 , 6 , week
81667.76551519122 , 2424.334070612161 , q5 , 60 , 6 , month
70.12660503387451 , 36.219009210897795 , q5 , 60 , 8 , minute
218.26298236846924 , 12.301948293333234 , q5 , 60 , 8 , hour
3616.5778398513794 , 96.51261500585598 , q5 , 60 , 8 , day
25232.77348279953 , 776.1525890538651 , q5 , 60 , 8 , week
109312.13085991995 , 3544.665606524074 , q5 , 60 , 8 , month
56.77454471588135 , 3.1291126779785707 , q5 , 60 , 10 , minute
255.04071712493896 , 16.82936902491189 , q5 , 60 , 10 , hour
4420.242357254028 , 109.74216463131519 , q5 , 60 , 10 , day
31540.336438587732 , 1021.7086081783619 , q5 , 60 , 10 , week
138408.22795459203 , 2954.340673013127 , q5 , 60 , 10 , month
74.82340335845947 , 58.5949303261263 , q5 , 80 , 2 , minute
105.69076538085938 , 2.6404099069610836 , q5 , 80 , 2 , hour
1252.079701423645 , 63.88848609613654 , q5 , 80 , 2 , day
8389.221668243408 , 195.1321357056479 , q5 , 80 , 2 , week
36551.59722055708 , 498.38660655575694 , q5 , 80 , 2 , month
69.79422569274902 , 44.12850668057825 , q5 , 80 , 4 , minute
203.02443504333496 , 22.27807561366632 , q5 , 80 , 4 , hour
2383.0931663513184 , 59.11084184629521 , q5 , 80 , 4 , day
16491.251707077026 , 220.11769979455036 , q5 , 80 , 4 , week
72131.37299673898 , 512.9365986449075 , q5 , 80 , 4 , month
61.2689733505249 , 9.144769335998138 , q5 , 80 , 6 , minute
214.93370532989502 , 15.85616363137017 , q5 , 80 , 6 , hour
3566.749882698059 , 140.04250823566264 , q5 , 80 , 6 , day
24602.229674657185 , 660.9983702777787 , q5 , 80 , 6 , week
105867.90817124503 , 2592.5748489185667 , q5 , 80 , 6 , month
81.24744892120361 , 43.71706331884687 , q5 , 80 , 8 , minute
266.0184621810913 , 16.84424961533146 , q5 , 80 , 8 , hour
4678.766417503357 , 122.02732580894302 , q5 , 80 , 8 , day
32632.4245929718 , 969.6849572525163 , q5 , 80 , 8 , week
143382.93954304286 , 4696.341665667074 , q5 , 80 , 8 , month
78.90195846557617 , 40.747044521887474 , q5 , 80 , 10 , minute
309.12914276123047 , 11.082076359944294 , q5 , 80 , 10 , hour
5823.134636878967 , 131.62171202366 , q5 , 80 , 10 , day
40786.50236129761 , 1127.783777568573 , q5 , 80 , 10 , week
178792.3206942422 , 5167.0823661537015 , q5 , 80 , 10 , month
60.732316970825195 , 7.381147199317811 , q5 , 100 , 2 , minute
138.93249034881592 , 12.018190818561202 , q5 , 100 , 2 , hour
1534.866213798523 , 41.23553312250955 , q5 , 100 , 2 , day
10356.627416610718 , 197.89315423360122 , q5 , 100 , 2 , week
44336.56297411238 , 903.5113476470451 , q5 , 100 , 2 , month
57.24952220916748 , 1.9732137407468278 , q5 , 100 , 4 , minute
207.7913999557495 , 20.98787936195187 , q5 , 100 , 4 , hour
2919.438934326172 , 59.52196602112172 , q5 , 100 , 4 , day
20456.27157688141 , 449.702710373326 , q5 , 100 , 4 , week
88028.10839244297 , 2174.970020679536 , q5 , 100 , 4 , month
58.27982425689697 , 2.5503592799783323 , q5 , 100 , 6 , minute
257.42900371551514 , 14.523961598739842 , q5 , 100 , 6 , hour
4345.243859291077 , 86.34446880984437 , q5 , 100 , 6 , day
30572.42475237165 , 845.959069316689 , q5 , 100 , 6 , week
133077.40143367223 , 3161.807111944828 , q5 , 100 , 6 , month
79.07037734985352 , 54.50481613481805 , q5 , 100 , 8 , minute
304.85832691192627 , 10.749570518586719 , q5 , 100 , 8 , hour
5754.459071159363 , 66.37847218770155 , q5 , 100 , 8 , day
40364.50903756278 , 863.9058625407026 , q5 , 100 , 8 , week
177616.5188721248 , 3159.81970842154 , q5 , 100 , 8 , month
83.08300971984863 , 54.66241094017073 , q5 , 100 , 10 , minute
373.9949703216553 , 18.015161550584267 , q5 , 100 , 10 , hour
7165.434527397156 , 125.29280092772777 , q5 , 100 , 10 , day
50408.224412373136 , 1257.7361279991392 , q5 , 100 , 10 , week
225011.72852516174 , 9428.85564406125 , q5 , 100 , 10 , month
9.454798698425293 , 19.872468589677233 , q6 , 20 , 2 , minute
7.589817047119141 , 3.1912692468928285 , q6 , 20 , 2 , hour
43.60082149505615 , 13.591888098926802 , q6 , 20 , 2 , day
276.8256425857544 , 27.795248153124952 , q6 , 20 , 2 , week
1117.0942544937134 , 52.10796181915832 , q6 , 20 , 2 , month
1.5166521072387695 , 1.0430658100130927 , q6 , 20 , 4 , minute
3.9218902587890625 , 0.4587875501065448 , q6 , 20 , 4 , hour
107.93259143829346 , 13.382559878311373 , q6 , 20 , 4 , day
511.6224765777588 , 15.875285629632833 , q6 , 20 , 4 , week
1325.8817195892334 , 39.94586442491663 , q6 , 20 , 4 , month
1.625514030456543 , 1.5276737197898533 , q6 , 20 , 6 , minute
5.440688133239746 , 1.122246984077011 , q6 , 20 , 6 , hour
130.77490329742432 , 13.924332400637125 , q6 , 20 , 6 , day
780.0990343093872 , 40.21657379995894 , q6 , 20 , 6 , week
3219.0717458724976 , 73.30588059607723 , q6 , 20 , 6 , month
1.7441272735595703 , 0.9914971753302592 , q6 , 20 , 8 , minute
7.061028480529785 , 0.8734502487198407 , q6 , 20 , 8 , hour
161.77358627319336 , 9.358144200981437 , q6 , 20 , 8 , day
1001.3065576553345 , 30.80907812243342 , q6 , 20 , 8 , week
3708.003616333008 , 98.81906332784962 , q6 , 20 , 8 , month
1.5917301177978516 , 1.3488429909357968 , q6 , 20 , 10 , minute
8.686065673828125 , 1.689119962832343 , q6 , 20 , 10 , hour
200.89561939239502 , 12.764165515406136 , q6 , 20 , 10 , day
1254.4188022613525 , 24.0488485588408 , q6 , 20 , 10 , week
3156.5722465515137 , 65.25388802351648 , q6 , 20 , 10 , month
1.1326074600219727 , 0.4388025021687469 , q6 , 40 , 2 , minute
2.6258230209350586 , 0.3200949799561846 , q6 , 40 , 2 , hour
42.25268363952637 , 5.784134421048959 , q6 , 40 , 2 , day
270.57251930236816 , 23.20522032654131 , q6 , 40 , 2 , week
1046.0649013519287 , 21.3392692640259 , q6 , 40 , 2 , month
1.0634899139404297 , 0.39101671383781966 , q6 , 40 , 4 , minute
3.886699676513672 , 0.6201683944060457 , q6 , 40 , 4 , hour
120.40793895721436 , 38.66223983597031 , q6 , 40 , 4 , day
504.26883697509766 , 12.721079014721886 , q6 , 40 , 4 , week
2114.7472620010376 , 93.95190836386699 , q6 , 40 , 4 , month
0.9256601333618164 , 0.2040380278326134 , q6 , 40 , 6 , minute
5.228281021118164 , 0.8386153822856439 , q6 , 40 , 6 , hour
133.55908393859863 , 16.829733951278918 , q6 , 40 , 6 , day
743.3209657669067 , 20.2736099202475 , q6 , 40 , 6 , week
1572.2469568252563 , 42.027270140519235 , q6 , 40 , 6 , month
1.2256145477294922 , 0.3986269472271716 , q6 , 40 , 8 , minute
6.923007965087891 , 1.1254143260883265 , q6 , 40 , 8 , hour
171.0249662399292 , 17.948808877153798 , q6 , 40 , 8 , day
977.5052547454834 , 31.66735818032339 , q6 , 40 , 8 , week
2095.28706073761 , 68.96056577877756 , q6 , 40 , 8 , month
1.5974760055541992 , 1.7122343282181278 , q6 , 40 , 10 , minute
7.95135498046875 , 0.3218291541247559 , q6 , 40 , 10 , hour
199.81577396392822 , 12.55097246206791 , q6 , 40 , 10 , day
1256.9621324539185 , 50.568492977912534 , q6 , 40 , 10 , week
5233.335256576538 , 232.92778094941127 , q6 , 40 , 10 , month
0.8934974670410156 , 0.2409871919540524 , q6 , 60 , 2 , minute
2.127504348754883 , 0.5025764393374305 , q6 , 60 , 2 , hour
38.19880485534668 , 1.8302376497725288 , q6 , 60 , 2 , day
103.78780364990234 , 20.16801548509154 , q6 , 60 , 2 , week
86.70361042022705 , 17.01758928537033 , q6 , 60 , 2 , month
1.0120868682861328 , 0.23212709523619904 , q6 , 60 , 4 , minute
3.8561105728149414 , 0.5420497422907629 , q6 , 60 , 4 , hour
108.78100395202637 , 18.60499802347099 , q6 , 60 , 4 , day
516.7066335678101 , 31.32720784064384 , q6 , 60 , 4 , week
1485.550832748413 , 25.323474316198382 , q6 , 60 , 4 , month
1.1782407760620117 , 0.5239206845429876 , q6 , 60 , 6 , minute
5.260038375854492 , 0.6117515022790625 , q6 , 60 , 6 , hour
130.2424192428589 , 20.730843943255262 , q6 , 60 , 6 , day
756.6998720169067 , 31.332164572307054 , q6 , 60 , 6 , week
3172.9151248931885 , 128.2299582499647 , q6 , 60 , 6 , month
1.2013435363769531 , 0.5729247325512933 , q6 , 60 , 8 , minute
7.43865966796875 , 1.7282628872429084 , q6 , 60 , 8 , hour
168.5725450515747 , 15.817554080554784 , q6 , 60 , 8 , day
985.802698135376 , 33.36151830295384 , q6 , 60 , 8 , week
3203.235912322998 , 125.67912007967624 , q6 , 60 , 8 , month
1.1363983154296875 , 0.7819476720664165 , q6 , 60 , 10 , minute
8.02154541015625 , 1.3224099871306225 , q6 , 60 , 10 , hour
198.71313571929932 , 9.58664388004736 , q6 , 60 , 10 , day
1217.1053409576416 , 30.149164013350035 , q6 , 60 , 10 , week
5292.515325546265 , 234.87286103877557 , q6 , 60 , 10 , month
0.9214162826538086 , 0.29696716224107794 , q6 , 80 , 2 , minute
2.192234992980957 , 0.5223282280534345 , q6 , 80 , 2 , hour
44.15006637573242 , 15.814923956714543 , q6 , 80 , 2 , day
261.7067337036133 , 13.311602989306982 , q6 , 80 , 2 , week
1007.4199914932251 , 30.526331492456716 , q6 , 80 , 2 , month
0.8370637893676758 , 0.25676077072716 , q6 , 80 , 4 , minute
3.7102699279785156 , 0.34778158804316894 , q6 , 80 , 4 , hour
110.15119552612305 , 21.693641773926686 , q6 , 80 , 4 , day
203.45752239227295 , 9.58682542457007 , q6 , 80 , 4 , week
201.28436088562012 , 6.45844438034702 , q6 , 80 , 4 , month
0.6695985794067383 , 0.12979590802014954 , q6 , 80 , 6 , minute
5.174899101257324 , 0.5830450775582026 , q6 , 80 , 6 , hour
126.16939544677734 , 11.268044144881884 , q6 , 80 , 6 , day
744.3444013595581 , 17.65461547914741 , q6 , 80 , 6 , week
3160.353136062622 , 115.33998154197471 , q6 , 80 , 6 , month
1.2006759643554688 , 0.6086812783243767 , q6 , 80 , 8 , minute
7.492780685424805 , 1.5894266403758435 , q6 , 80 , 8 , hour
165.25092124938965 , 14.593880002021415 , q6 , 80 , 8 , day
997.6506471633911 , 31.63034048848143 , q6 , 80 , 8 , week
3800.1012325286865 , 172.5992528959444 , q6 , 80 , 8 , month
0.9957313537597656 , 0.5166914169715343 , q6 , 80 , 10 , minute
8.141660690307617 , 2.221835455917373 , q6 , 80 , 10 , hour
201.177978515625 , 11.235798660329287 , q6 , 80 , 10 , day
1252.0636558532715 , 35.31251618568895 , q6 , 80 , 10 , week
1992.851161956787 , 72.39884304192614 , q6 , 80 , 10 , month
0.8718967437744141 , 0.29782606596977623 , q6 , 100 , 2 , minute
2.0555973052978516 , 0.20729275751576606 , q6 , 100 , 2 , hour
38.36517333984375 , 2.712828244849259 , q6 , 100 , 2 , day
267.33765602111816 , 20.862399994906045 , q6 , 100 , 2 , week
1093.5108423233032 , 46.92839696883096 , q6 , 100 , 2 , month
2.2711753845214844 , 4.470217926100563 , q6 , 100 , 4 , minute
4.202771186828613 , 1.2950507115541736 , q6 , 100 , 4 , hour
105.62410354614258 , 16.68315491534401 , q6 , 100 , 4 , day
531.7628622055054 , 74.87252755916406 , q6 , 100 , 4 , week
2123.4230995178223 , 85.93381282790955 , q6 , 100 , 4 , month
1.3464689254760742 , 1.5915308191277344 , q6 , 100 , 6 , minute
4.899930953979492 , 0.2143394901345048 , q6 , 100 , 6 , hour
125.30887126922607 , 12.052693992907232 , q6 , 100 , 6 , day
784.9717378616333 , 31.121498570180968 , q6 , 100 , 6 , week
3121.393918991089 , 99.77919846406066 , q6 , 100 , 6 , month
1.0074138641357422 , 0.8457110345190667 , q6 , 100 , 8 , minute
6.3602447509765625 , 0.7117420960945895 , q6 , 100 , 8 , hour
162.52238750457764 , 12.856241586035162 , q6 , 100 , 8 , day
980.0091505050659 , 42.61507193152698 , q6 , 100 , 8 , week
4131.427764892578 , 118.67976906156778 , q6 , 100 , 8 , month
1.0859966278076172 , 0.39065124883289504 , q6 , 100 , 10 , minute
8.58471393585205 , 2.18834637932787 , q6 , 100 , 10 , hour
198.7933874130249 , 10.474743169313577 , q6 , 100 , 10 , day
1218.632984161377 , 30.23533739550563 , q6 , 100 , 10 , week
2126.1855602264404 , 74.37691142103975 , q6 , 100 , 10 , month
2.2173404693603516 , 3.3293317687676303 , q7 , 20 , 2 , minute
0.7059574127197266 , 0.10144672407424007 , q7 , 20 , 2 , hour
0.6528615951538086 , 0.037633575330915874 , q7 , 20 , 2 , day
0.6155252456665039 , 0.04968535520144027 , q7 , 20 , 2 , week
0.6001710891723633 , 0.029591033905497246 , q7 , 20 , 2 , month
0.6180524826049805 , 0.07768536467419136 , q7 , 20 , 4 , minute
0.7376909255981445 , 0.2578017852925146 , q7 , 20 , 4 , hour
0.6173133850097656 , 0.14145449287878314 , q7 , 20 , 4 , day
0.6208181381225586 , 0.10018785387883221 , q7 , 20 , 4 , week
0.537562370300293 , 0.03262010939674015 , q7 , 20 , 4 , month
0.5489349365234375 , 0.03256471582511581 , q7 , 20 , 6 , minute
0.5326986312866211 , 0.03426857361744729 , q7 , 20 , 6 , hour
0.5770683288574219 , 0.04620322687741117 , q7 , 20 , 6 , day
0.5652427673339844 , 0.0752535218639204 , q7 , 20 , 6 , week
0.5412578582763672 , 0.03631619261656483 , q7 , 20 , 6 , month
0.5503654479980469 , 0.04963806362374298 , q7 , 20 , 8 , minute
0.5186796188354492 , 0.025150178116845816 , q7 , 20 , 8 , hour
0.6414651870727539 , 0.06515807665460342 , q7 , 20 , 8 , day
0.6544351577758789 , 0.05781785181232277 , q7 , 20 , 8 , week
0.6481170654296875 , 0.06452669629566009 , q7 , 20 , 8 , month
0.6832122802734375 , 0.06259880970470816 , q7 , 20 , 10 , minute
0.6579875946044922 , 0.034074826179271274 , q7 , 20 , 10 , hour
0.6757020950317383 , 0.10590875738449569 , q7 , 20 , 10 , day
0.6239652633666992 , 0.1320855879454896 , q7 , 20 , 10 , week
0.6063461303710938 , 0.07863025621563546 , q7 , 20 , 10 , month
0.6109714508056641 , 0.11120506373678238 , q7 , 40 , 2 , minute
0.5605936050415039 , 0.16800303330853375 , q7 , 40 , 2 , hour
0.5352258682250977 , 0.05813747412202359 , q7 , 40 , 2 , day
0.5199193954467773 , 0.051377719421068405 , q7 , 40 , 2 , week
0.5013942718505859 , 0.029709884549447257 , q7 , 40 , 2 , month
0.5214691162109375 , 0.07384391298941878 , q7 , 40 , 4 , minute
0.49288272857666016 , 0.03267601792956487 , q7 , 40 , 4 , hour
0.5452156066894531 , 0.0794687111089634 , q7 , 40 , 4 , day
0.5228757858276367 , 0.01995273731349334 , q7 , 40 , 4 , week
0.571894645690918 , 0.10720320548214293 , q7 , 40 , 4 , month
0.5372524261474609 , 0.045334818964857505 , q7 , 40 , 6 , minute
0.5489587783813477 , 0.05376880791844028 , q7 , 40 , 6 , hour
0.4831552505493164 , 0.026201769162154637 , q7 , 40 , 6 , day
0.5784273147583008 , 0.10142458559792815 , q7 , 40 , 6 , week
0.5209922790527344 , 0.07992992889846202 , q7 , 40 , 6 , month
0.5173444747924805 , 0.04238391995701739 , q7 , 40 , 8 , minute
0.5092859268188477 , 0.03458730620044035 , q7 , 40 , 8 , hour
0.5114078521728516 , 0.03725675457011118 , q7 , 40 , 8 , day
0.4809141159057617 , 0.022372831002992123 , q7 , 40 , 8 , week
0.4850149154663086 , 0.03472173696904936 , q7 , 40 , 8 , month
0.4837512969970703 , 0.022287568050783697 , q7 , 40 , 10 , minute
0.47440528869628906 , 0.026584782265960755 , q7 , 40 , 10 , hour
0.6204366683959961 , 0.21583825165544065 , q7 , 40 , 10 , day
0.5281209945678711 , 0.13394746531005314 , q7 , 40 , 10 , week
0.6107568740844727 , 0.15238870801350274 , q7 , 40 , 10 , month
0.5387306213378906 , 0.04535780053384387 , q7 , 60 , 2 , minute
0.4961967468261719 , 0.03838247876540569 , q7 , 60 , 2 , hour
0.4978656768798828 , 0.04285537391362744 , q7 , 60 , 2 , day
0.505375862121582 , 0.053033835737994736 , q7 , 60 , 2 , week
0.5282163619995117 , 0.045671421359538326 , q7 , 60 , 2 , month
0.5347728729248047 , 0.05622040638600211 , q7 , 60 , 4 , minute
0.5115509033203125 , 0.026579650105259277 , q7 , 60 , 4 , hour
0.5386829376220703 , 0.09820139408303717 , q7 , 60 , 4 , day
0.5214452743530273 , 0.035178650349680964 , q7 , 60 , 4 , week
0.5547046661376953 , 0.052481243430247584 , q7 , 60 , 4 , month
0.522923469543457 , 0.043475802047601986 , q7 , 60 , 6 , minute
0.5146980285644531 , 0.021383309728434653 , q7 , 60 , 6 , hour
0.5395174026489258 , 0.07599878253830884 , q7 , 60 , 6 , day
0.5684614181518555 , 0.16787633075555303 , q7 , 60 , 6 , week
0.5119800567626953 , 0.02886127776952355 , q7 , 60 , 6 , month
0.5373477935791016 , 0.033312269939128746 , q7 , 60 , 8 , minute
0.5169391632080078 , 0.04456858945535095 , q7 , 60 , 8 , hour
0.5156517028808594 , 0.1367363658664217 , q7 , 60 , 8 , day
0.4747152328491211 , 0.043313721986165676 , q7 , 60 , 8 , week
0.4604339599609375 , 0.049011860391858224 , q7 , 60 , 8 , month
0.5012989044189453 , 0.0533803527423678 , q7 , 60 , 10 , minute
0.48079490661621094 , 0.03395829820525606 , q7 , 60 , 10 , hour
0.48558712005615234 , 0.03879953403187477 , q7 , 60 , 10 , day
0.47760009765625 , 0.028448575350888048 , q7 , 60 , 10 , week
0.4879474639892578 , 0.02072983697695238 , q7 , 60 , 10 , month
0.4899740219116211 , 0.02814561368288328 , q7 , 80 , 2 , minute
0.5301237106323242 , 0.05330777948533618 , q7 , 80 , 2 , hour
0.5221843719482422 , 0.0637304749556151 , q7 , 80 , 2 , day
0.5143404006958008 , 0.04000778528758985 , q7 , 80 , 2 , week
0.5326986312866211 , 0.06737049364007888 , q7 , 80 , 2 , month
0.5025625228881836 , 0.08192333219548836 , q7 , 80 , 4 , minute
0.5016088485717773 , 0.04449791088576582 , q7 , 80 , 4 , hour
0.501251220703125 , 0.049306002314253874 , q7 , 80 , 4 , day
0.46660900115966797 , 0.06620947330754302 , q7 , 80 , 4 , week
0.46122074127197266 , 0.055867018044320094 , q7 , 80 , 4 , month
0.4926443099975586 , 0.04258708003182821 , q7 , 80 , 6 , minute
0.5465507507324219 , 0.21489041557577382 , q7 , 80 , 6 , hour
0.4977226257324219 , 0.03947908995980145 , q7 , 80 , 6 , day
0.5037546157836914 , 0.048046119053989755 , q7 , 80 , 6 , week
0.4909992218017578 , 0.032453586652938626 , q7 , 80 , 6 , month
0.5063772201538086 , 0.05321174743077373 , q7 , 80 , 8 , minute
0.49157142639160156 , 0.05620454140051392 , q7 , 80 , 8 , hour
0.5056381225585938 , 0.04338298136489909 , q7 , 80 , 8 , day
0.5134820938110352 , 0.04085400504302419 , q7 , 80 , 8 , week
0.5250692367553711 , 0.058018676661603805 , q7 , 80 , 8 , month
0.4896402359008789 , 0.03477535650501583 , q7 , 80 , 10 , minute
0.4404783248901367 , 0.026276388397053436 , q7 , 80 , 10 , hour
0.4333972930908203 , 0.019267473271561496 , q7 , 80 , 10 , day
0.4454612731933594 , 0.08335223246923262 , q7 , 80 , 10 , week
0.4240751266479492 , 0.027717702234754383 , q7 , 80 , 10 , month
0.4177093505859375 , 0.019935177176594036 , q7 , 100 , 2 , minute
0.41496753692626953 , 0.02533433473096396 , q7 , 100 , 2 , hour
0.4283905029296875 , 0.04490938100542835 , q7 , 100 , 2 , day
0.4255533218383789 , 0.02866392263030315 , q7 , 100 , 2 , week
0.42557716369628906 , 0.019317627413473315 , q7 , 100 , 2 , month
0.41120052337646484 , 0.031372972077486065 , q7 , 100 , 4 , minute
0.4252433776855469 , 0.03359591420506927 , q7 , 100 , 4 , hour
0.4173755645751953 , 0.024424480741912707 , q7 , 100 , 4 , day
0.40972232818603516 , 0.014965501270565515 , q7 , 100 , 4 , week
0.4160642623901367 , 0.025883384383896 , q7 , 100 , 4 , month
0.4068136215209961 , 0.02116696622226321 , q7 , 100 , 6 , minute
0.42901039123535156 , 0.03142751197212175 , q7 , 100 , 6 , hour
0.4132986068725586 , 0.02658180050615974 , q7 , 100 , 6 , day
0.418853759765625 , 0.016985192732221675 , q7 , 100 , 6 , week
0.4205465316772461 , 0.018235324313177294 , q7 , 100 , 6 , month
0.4163503646850586 , 0.01792145585682051 , q7 , 100 , 8 , minute
0.4065513610839844 , 0.019703436060095943 , q7 , 100 , 8 , hour
0.4213571548461914 , 0.02563687781700262 , q7 , 100 , 8 , day
0.4262685775756836 , 0.032369062585363165 , q7 , 100 , 8 , week
0.4063606262207031 , 0.015428463981275635 , q7 , 100 , 8 , month
0.41315555572509766 , 0.017651009806312665 , q7 , 100 , 10 , minute
0.4245281219482422 , 0.01881886441175087 , q7 , 100 , 10 , hour
0.43015480041503906 , 0.02417668368151613 , q7 , 100 , 10 , day
0.43747425079345703 , 0.017251817110850057 , q7 , 100 , 10 , week
0.4282236099243164 , 0.024048768361448467 , q7 , 100 , 10 , month